SET SQL_MODE="NO_AUTO_VALUE_ON_ZERO";
SET time_zone = "+00:00";

/*!40101 SET @OLD_CHARACTER_SET_CLIENT=@@CHARACTER_SET_CLIENT */;
/*!40101 SET @OLD_CHARACTER_SET_RESULTS=@@CHARACTER_SET_RESULTS */;
/*!40101 SET @OLD_COLLATION_CONNECTION=@@COLLATION_CONNECTION */;
/*!40101 SET NAMES utf8 */;


CREATE TABLE IF NOT EXISTS `accounts` (
  `id` int(10) unsigned NOT NULL AUTO_INCREMENT,
  `name` varchar(50) DEFAULT NULL,
  `supplier_id` int(10) unsigned DEFAULT NULL,
  PRIMARY KEY (`id`),
  KEY `index_accounts_supplier` (`supplier_id`)
) ENGINE=InnoDB  DEFAULT CHARSET=utf8 AUTO_INCREMENT=67 ;

INSERT INTO `accounts` (`id`, `name`, `supplier_id`) VALUES
(1, 'Abeyant', 2),
(2, 'Marbly Gages', 2),
(3, 'Kathartic Felicitator', 2),
(4, 'Marish', NULL),
(5, 'Sandmen', NULL),
(6, 'Hahnium Haviors', 7),
(7, 'Unconnected', NULL),
(8, 'Imaginably', NULL),
(9, 'Vesicular Wastable', NULL),
(10, 'Ignore Banana', NULL),
(11, 'Paladin Uglify', NULL),
(12, 'Paramour', NULL),
(13, 'Neologies Sanitating', NULL),
(14, 'Accompanist', NULL),
(15, 'Raided', NULL),
(16, 'Immigrant Knowing', NULL),
(17, 'Geranium', NULL),
(18, 'Inadequacy Faros', NULL),
(19, 'Tamals', NULL),
(20, 'Leadier', NULL),
(21, 'Teleport', NULL),
(22, 'Genocide Inaccessible', NULL),
(23, 'Knothole Langauge', NULL),
(24, 'Bangle Rammer', NULL),
(25, 'Teaming', NULL),
(26, 'Warplane', NULL),
(27, 'Ophthalmoscopies Backwash', NULL),
(28, 'Oncogenic Haiti', NULL),
(29, 'Sacker', NULL),
(30, 'Saltless', NULL),
(31, 'Hanked Sanctimonious', NULL),
(32, 'Emblaze Hazing', NULL),
(33, 'Veranda', NULL),
(34, 'Faqir', NULL),
(35, 'Judicature Hazily', NULL),
(36, 'Zinged', NULL),
(37, 'Parachutist Odorless', NULL),
(38, 'Xerophthalmia Caboose', NULL),
(39, 'Malamute Zendo', NULL),
(40, 'Napery', NULL),
(41, 'Vaquero', NULL),
(42, 'Unanimated', NULL),
(43, 'Eliminator Ratted', NULL),
(44, 'Eggplant Galliard', NULL),
(45, 'Abscission', NULL),
(46, 'Laparotomies', NULL),
(47, 'Debts', NULL),
(48, 'Tangs', NULL),
(49, 'Radar', NULL),
(50, 'Jammed', NULL),
(51, 'Wards Neediness', NULL),
(52, 'Dazzle Haying', NULL),
(53, 'Sadism', NULL),
(54, 'Malaria Unasked', NULL),
(55, 'Bailee', NULL),
(56, 'Dalmatian', NULL),
(57, 'Pairing Nelson', NULL),
(58, 'Unbear', NULL),
(59, 'Ganef', NULL),
(60, 'Lairs Leaps', NULL),
(61, 'Baldachin', NULL),
(62, 'Eliding', NULL),
(63, 'Dallied Reassume', NULL),
(64, 'Taxability', NULL),
(65, 'Palindromic', NULL),
(66, 'Unbraiding Rapter', NULL);

CREATE TABLE IF NOT EXISTS `account_histories` (
  `id` int(10) unsigned NOT NULL AUTO_INCREMENT,
  `name` varchar(50) DEFAULT NULL,
  `account_id` int(10) unsigned DEFAULT NULL,
  PRIMARY KEY (`id`),
  KEY `index_account_histories_account` (`account_id`)
) ENGINE=InnoDB  DEFAULT CHARSET=utf8 AUTO_INCREMENT=75 ;

INSERT INTO `account_histories` (`id`, `name`, `account_id`) VALUES
(1, 'Unannounced', 2),
(2, 'Caraway', NULL),
(3, 'Sanguinary Falsifiability', 4),
(4, 'Marrow', NULL),
(5, 'Lanai', 3),
(6, 'Yawper', NULL),
(7, 'Adjectival', NULL),
(8, 'Daubes', NULL),
(9, 'Nighest', NULL),
(10, 'Hatting Ellen', NULL),
(11, 'Lawgiver Implement', NULL),
(12, 'Hanks Javas', NULL),
(13, 'Ready', NULL),
(14, 'Uncontradicted', NULL),
(15, 'Reassert', NULL),
(16, 'Headgear Valuating', NULL),
(17, 'Haymaker Vesicle', NULL),
(18, 'Knitter Decennia', NULL),
(19, 'Jitter Sansei', NULL),
(20, 'Calmant Calcitic', NULL),
(21, 'Nastily', NULL),
(22, 'Manyfold', NULL),
(23, 'Jatos Leadier', NULL),
(24, 'Vasopressor', NULL),
(25, 'Hagborn Jiggliest', NULL),
(26, 'Patricia Vanillic', NULL),
(27, 'Halftime Bards', NULL),
(28, 'Idles Sacrifice', NULL),
(29, 'Welcome', NULL),
(30, 'Hardboots', NULL),
(31, 'Korsakoff', NULL),
(32, 'Unary Dampen', NULL),
(33, 'Hazing', NULL),
(34, 'Jalopies Mailbox', NULL),
(35, 'Fattest Debts', NULL),
(36, 'Uncurtained Dataflow', NULL),
(37, 'Active Acetaminophen', NULL),
(38, 'Early Handbook', NULL),
(39, 'Featlier', NULL),
(40, 'Occur', NULL),
(41, 'Faming', NULL),
(42, 'Faction Raring', NULL),
(43, 'Fetid Lampoon', NULL),
(44, 'Occupancy Omicron', NULL),
(45, 'Caramel Jounce', NULL),
(46, 'Bagasse Halavah', NULL),
(47, 'Wawls', NULL),
(48, 'Railer', NULL),
(49, 'Rabbi Sabbat', NULL),
(50, 'Necrophilous Haunch', NULL),
(51, 'Lattice', NULL),
(52, 'Impassable', NULL),
(53, 'Babas', NULL),
(54, 'Yeshivoth', NULL),
(55, 'Hants', NULL),
(56, 'Knows Pancreas', NULL),
(57, 'Vanitied Rattan', NULL),
(58, 'Kilowatt Tawdriness', NULL),
(59, 'Undefiled', NULL),
(60, 'Manifold Calamities', NULL),
(61, 'Lamely Lashing', NULL),
(62, 'Patch Sashimi', NULL),
(63, 'Fascinating Impregnate', NULL),
(64, 'Bathe Nephritis', NULL),
(65, 'Absolving', NULL),
(66, 'Scabbier Yowing', NULL),
(67, 'Embalm', NULL),
(68, 'Deeded', NULL),
(69, 'Acidy', NULL),
(70, 'Jojoba Vapour', NULL),
(71, 'Eleven Genie', NULL),
(72, 'Paramecia', NULL),
(73, 'Xerosis', NULL),
(74, 'Improvise', NULL);

CREATE TABLE IF NOT EXISTS `articles` (
  `id` int(10) unsigned NOT NULL AUTO_INCREMENT,
  `name` varchar(50) DEFAULT NULL,
  `content` text,
  PRIMARY KEY (`id`)
) ENGINE=InnoDB  DEFAULT CHARSET=utf8 AUTO_INCREMENT=55 ;

INSERT INTO `articles` (`id`, `name`, `content`) VALUES
(2, 'Laryngal', 'Gaoling Emigrate Judgmatic Maced Canoe Elating Venter Joggle Barbarization Farewell Accusatrix Salem Declivity Vasomotor Decolonize Pannikin Varicosities Openendedness Absolution Manchu Decompensate Manipulating Vanward Activate Gemologies Reallotting Malign Harlem Knottily Imprecation Uncultivated Zouave Realism Accumulator Adore Debenture Batwoman Unaesthetic Immeasurable Imbecility Samarium Wailed Abner Nastiness Hallah Bathysphere Nickel Illusory Unclog Ocurred Saccharification Kindly Parochial Acidulous Raininess'),
(3, 'Palier Nausea', '<p>Racial Barque Ralph Gemology Vaccinator Harken Judder Earliest Accidence Immunochemistry Quest Kanas Sadly Baghdad Natural Welled Unassigned Cardiotherapies Gaudier Inaccessible Decenniums Parks Samadhi Kickup Zitis Fastest Fantasie Ecologic Icily Vendable Vibists Wapiti</p>\r\n\r\n<p>Venezuela Laundress Gallies Abuzz Calcite Sanitizing Umbel Daybreak Unclothe Farness Educate Jocko Adjure Watch Papist Teems Impulsive Rangoon</p>\r\n'),
(4, 'Maids', 'Veinless Harpy Gasses Gannet Admissible Headband Decoy Octopi Undefiled Pailful Imbibing Jocose Haemoglobin Janet Icemen Kymograms Fanes Edible Haulyard Tearable Laced Uncircumcised Ileal Radiative Eggplant Nestle Sauce Kiltie Knottiness Lateen Waging Daubs Abstentious Abecedarian Taximen Kilter Abnegator Gaited Uncharacteristic Sadist Rampaging Jaded'),
(5, 'Barbarity Negotiatrix', 'Empathies Papilla Hauled Teletype Quoit Nictitate Taiwan Mandator Bandmaster Campanili Hafter Wareroom Carat Declination Uncelebrated Tarted Carburize Abolition Yawned Nautical Educating Satisfy Rainbow Lawgiver Impound Rattus Undecided Hamstring Calcify Tawdry Gelder Necrophile Hayer Oater'),
(6, 'Wellbeing', 'Tabaret Academe Kaiser Babble Tacks Unappreciative Embellish Kummels Sarcastic Mares Vascular Lanolin Abstain Faded Lamping Deacidification Earmark Pastina Larding Garret Impetus Yacking Youse Kirned Haranguing Baalism Acuities Eggplant Reascend Capitulator Lambs Sailer Vanquish Absent Manipulatable Admonition Cagily Easiness Unbaptized Neuropsychiatric Batrachian Offside Taxable Vasomotor Rassle Sapless Sassier Vents Tallies Fanfarons Bacchanal Galled Tabor Unabridged Handily Headgear Adapt Vices Weakliest Oater Idles Whetter Variated Calculation Campi Zoomed Oleomargarine Zenith'),
(7, 'Reassuming Onerous', 'Gasified Tater Warily Railhead Unbelief Tarot Lacier Rammed Feeder Acclimating Baseball Bachelor Deafish Wheeziness Abloom Weskit Calisthenic Waver Canberra Tarps Bacchanal Teabox Nascence Federator Warhead Palace Wellness Safeness Safeties Caciques Hangdog Ojibwa Hawkmoth Television Cambist Galena Hardhanded Danes Immunopathology Tawny Echidna Fadable Uncrowded Tanned Accelerator Ectoderm Ranis Geminate Panchromatic Juice Welladay Reason Hawed Maids Warwork Acroliths'),
(8, 'Calomel', 'Acculturation Lasing Elongating Accelerometer Acidities Bannister Echelon Vending Parrot Cannon Lackaday Vernacular Feedable Deceit Nazify Batfish Rapacious Nicks Wastrel Language Krebs Candies Veluring Rayon Salts Absence Fastest Manipulation Saltbox Basifier Native Nameless Acclamation Capacitate Vadis Barfing Harem Unconceded Lamas'),
(9, 'Eminence Halide', 'Geomancy Barmie Daftness Obloquy Feuding Calefacient Ogrish Raptness Neotenies Manse Kerosene Omnipresence Nervosity Decrial Abrogative Tabloid Werwolf Sapiencies Racemose Necessities Imprecision Baddie Captious Passway Admissive Vastest Declassification Saviour Handel Laudably Operculated Tangerine Jejunity Hasping Manchester Quinols Knottiness Ranks Fanning Ranked Genuflect Banger Tameness Unconscious Immuring Decimation Omittance Joshed Gastroenterology Taunt Sanitarium Teddies Barkeep Geeing Jammer Teabowl Backdate Kronor Kerry Neediness Naval Vestries Cardholder Vatting Acoustic Caret Wehner Wester Calcareous Telecast Jnana Killing Zapped Tactility Tapper Acuity Tamarind Unaccentuated'),
(10, 'Unconsecrated', 'Talon Navies Acquiring Unbolt Generosity Bagwig Teddies Cactus Washbasin Tangy Rarebit Jowlier Canister Variably Caffein Justing Parody Vegetable Jalousie Hastiness Unburied Palmier Immature Telekinesis Tattling Cacophony Juggernaut Uncrowned Badly Lacker Omnipresent Manly Vanes Facade Welted Imamates Handbreadth Capacitor Weeds Layman Telephony Quadrangular Octangle Verboten Niceties Kaleidoscope Gastight Zinging Banger Waning Satrap Ragtime Taffy Elongation Calix Gauziest Teflon Laster Damaging Leaner Unadvisable Query Bathe Palpitating Badly Kinswoman Abacus Vaquero Earldom Quinquina Rated Telescope Uncelebrated'),
(11, 'Parkway Manor', 'Ransom Decistere Saltwater Haloids Kappa Yours Kneel Magnesium Caduceus Haunch Kilobyte Wardrobe Packman Quakier Hammer Gambrel Verities Battier Sacker Rainproof Patois Identified Nebulizing Banes Manwise Salties Maltier Realizable Lefts Jibber Maidish Quakier Obstinacies Acrostic Banknote Vanadium Newsgirl Wellness Fated Uglify Reallotting Fence Ravine Calpacs Realization Cabstand Sardinia Gangplank Fenny'),
(12, 'Warper', 'Magnesium Saggy Officiator Abominable Bankrupt Tastiest Paras Waifing Reacclimating Elitist Implicate Uncomforted Basque Headachier Acoin Macaroon Yawling Nephritis Ohing Bandied Davis Paleography Banister Abyss Viand Samovar Zymase Hammer Cannie Kidney Jihad Offshore Lawgiver Raptly Elevate Egger Veils Warehousing Caracol Deduct Faggot Hairlock Banzai Faugh Gaped Admire Obliging Jives Halberd Salaried Reading Tacked Tarriness Wallpaper Kidder Verists Fantasy'),
(14, 'Kinsmen Knotted', 'Identity Jailkeeper Sanctum Maces Gaudy Unanimity Emeries Yodle Absolutist Taupe Harebell Unconformable Batted Nattiness Uncontrolled Raunchiness Varlet Railroad Saliency Zagging Raping Immanency Parliament Ledgy Eastman Laureate Bases Bacteroidal Ferocious Obscene Katzenjammer Welcome Illimitably Xebec Calamitous Mandril Adequation Panhandling Habeas Klanism Genes Teach Racism Kaffir'),
(15, 'Calendula', 'Debilitative Neckless Kelping Unaccountably Rearousing Sagacities Zipping Maimer Waxily Vector Obduction Eminent Qualified Yeshiva Gangway Neology Gaily Rasing Ferris Mameys Canyon Wettable Abdicable Reallocate Headman Kryoliths Cadmic Sarcoma Veneration Zonked Qindars Rapacity Obscenities Jetting Zincifies Accruing Careful Dealt Parsing Jugged Cacciatore Paralysis Yucca Marathon Yipping Sapping Nigger Ablution Datamation Abutting Jailing Vagarious Abalone Quaver Acclimation Uncomprehened Decertified Impieties Warmly Wedgie Knobby Dampish Radiate Zebecs Tamely Gastroscope Ladron Barogram Elision Newfashioned Tearier Tardier Weasel'),
(16, 'Sapless', 'Oology Wayfarer Offshore Nighed Unacclaimate Occupiable Faint Vastest Gawks Ocular Adiposities Badness Unattempted Opiate Fameless Mashes Lapwing Daybook Offhand Openhanded Harlot Passably Odorant Jeeps Laciest Hawking Wedlock Darkliest Uncontested Unbudgeted Impenetrability Gaberdine Facia Ileitis Newsier Nimble Accuracies Lasagna Taoist Pacified Abscond Iambs Iconoclast Yttria Idolater Daiquiri Opportune Krypton Satirizing Unannounced Gatefold Daisied Laywoman Sachem Daring Bairn Baldachin Telephonic Fatuus Komondors Acclimate Emoting Xanthate Junglier Knapping'),
(17, 'Sagittarius Wariness', 'Sappiest Jambing Whapper Landlubber Educability Acceleration Newsprint Viand Bagpipe Mammon Uncrate Caret Banded Zealand Bagworm Yolkier Unaspirated Manes Hautboy Knish Larvicide Barfs Jumbling Sanctuary Decedent Emerita Unaccredited Kidder Palazzi Occasion Farcing Unconversant Banns Hairiness Umped Eclipsing Elastin Reagent Acerola Admen Lames Opalescing Ophidian Dairy Kingliness Uncrate Readd Querulous Ulcer Readout Decks Magnum Xanthin Adhesion Haloes Larcenist Cardigan Actual Machine Gamut Martial Halted'),
(18, 'Labia Racer', 'Farmland Leary Fascist Manned Felicitator Featlier Daylit Janitress Packing Banking Verify Teleradiography Manacling Reassure Jiffies Narthex Harpy Ballad Market Keyage Feaze Capybara Jollies Unaimed Feedback Abduct Yoked Taiwan Nephron Sagacious Knelt Venged Calcic Safeness Immiscible Nanograms Necessities Wayside Landlord Hakes Madagascar Vicissitude Laryngoscope Sadist Eloquence Neuritis Mandate Illiterate Unclouded Satiric Barfs Hadji Hagiographer Barbecuing Improbable Paired Geeks Telescopic Welcoming Tantalize Papain Needing Decontaminator Palanquin Fetid Immovable Headache Onyxes Inaction'),
(19, 'Majuscule', 'Unbeatable Teleport Sampan Judos Oarsmen Festivities Magnifies Sabring Davit Felicitating Zoning Fakir Quarantine Yetis Talky Pasties Valva Uncoated Lamprey Maisonette Tango Nicholas Barnier Tannates Uncompensated Cannon Unconceded Handwoven Caring Abstain Ululate Opalesces Wartier Marque Elegist Batten Korsakoff Emperor Banged Telekinesis Fards Newscast'),
(20, 'Namable Inadvertent', 'Abjuring Palish Marxist Unblushing Hailing Uncertified Nigher Parka Ocean Handiness Hammy Sages Kookaburra Sabra Caption Faying Capitulary Tarsi Whatnot Undemonstrable Kitsch Necking Xanthous Taxies Quaky Cardinal Hankie Ululate Barman Savor Haulyard Mannish Vestas Immies Fedayeen Ragbag Vialing Savvied'),
(21, 'Capriole', 'Kindred Yolks Pancreas Saneness Garnish Ideologize Ukrainian Quipped Satiric Impassibly Justle Yawped Veneration Darken Lacking Decompress Wests Reacclimating Wattage Iffiness Joked Aconite Jaded Neanderthal Mammie Ability Ideation Kiester Obsess Opalescence Narrate Teamer Bases Wearing Racer Sassily Raper Laparoscope Haddie Declasse Abaft Jerks Sadder Nictation Telepathy Nagger Adopt Veined Venging Magnified Fernery Ignorant Impregnable Maser Jammed Xylitol Deadly Fatty Emmet Zingy Largish Kerchoo Davit Vasopressor Efflorescing Vegetable Tamely Raphael Zings Cajun Quatrain Gambian'),
(22, 'Abrade Emblazing', 'Keratitis Lacks Fervid Omniarchs Waked Achene Tasks Jemmies Yardmaster Unappreciated Zenith Nannie Sanitaries Rainily Undebatable Neckline Umbrella Facilities Malefactor Harangue Acidifier Kookiness Imbalm Youse Welts Teddy Gametic Leech Debbie Salicylic Impregnable Lament Empress Hamper Sayst Zooks Oared Washer Parlous Wared Officiating Pasture Elegizing Quotient Banter Barman Ventless Jewel Weeds Ultimo Jetted Hacked Genealogist Ultimo Gelling Kickup Nicer Octopi Kelpie Sagos Baboo Sanserif Halfpence Queasily Pander Malpresentation Fallibility Onside Idolization Uncouth Narwhal Nicety Unadjustable Lancing Adjectival'),
(23, 'Paraplegic', 'Pansy Hackwork Camden Abridging Technocracy Baloney Bagging Manliness Junkman Olibanums Walloon Salabilities Gecks Feudal Samizdat Octane Carbo Tawney Martin Ladder Wedgy Vernier Lapping Uncorrupted Mainlining Scalier Faggot Weanling Largo Reapplies Venerability Batman Odorous Palpitate Fallacies Pathology Earing Jubilating Verdancies Madman Jiggliest Dakota Edelweiss Pages Jigged Ofter Fallow Bariatrician Bards Uganda Teapot Ratting Ballistic Maria Savanna Weregild Gawked Xenobiology Balminess Lanai Cardinal'),
(24, 'Ramify', 'Varying Admissibly Deckle Illustrator Oblation Sanitarium Identification Laparotomy Vialling Damnify Knotted Ukrainian Decrement Fenugreek Dallies Pashes Baled Cantilever Bacteriologies Haiti Ablush Favor Judicial Gemmily Uncomforting Opalescent Venules Zonated Impassion Wennish Niching Hazes Lacrimatory Telepathic Decomposable Handloom Nicotinic Calls Callus Layabout Efface Declassification Unaimed Knees Fawned Barrow Salable Quittance Nines'),
(25, 'Ochring', 'Venire Kilting Quaggy Kodiak Weeper Unbar Newsworthiness Patch Unamortized Patois Gabardine Embracing Carina Imponderably Abnegating Balmily Niobium Tacet Fended Kinkajou Jutting Dazzling Quittors Tangliest Idolize Wailful Pallbearer Saccharated Geotaxy Unconforming Batsmen Zygotic Ulster Panel Gabardine Effluence'),
(26, 'Sailable Maladminister', 'Wetted Kinaesthesia Zapped Zigzag Kinkily Caesium Dactyl Raper Vessel Fever Immunosuppressant Pastille Jackass Laceier Imminence Daimon Lashed Taxer Ignis Dadoed Panoplies Uncluttered Decisive Patrimony Geezer Caracul Raptor Jiggly Jugged Famine Deafen Venipuncture Impaling Effluvia Machs Handmaid Geophysical Kilted Capriole Abomination Gemmiest Hairy Canny Unconscious Fatigability Emotive Veluring Tangency Obligable Variably Jinns Jumbo Maltreat Calculative Abluted Ventricle Darker Warty Fervid Femur Venturi Iciest Paranoid Abator Decimating Elevon Admissible Palmed Marimba Kyrie Ophthalmometer Teahouse Uncomforted'),
(27, 'Cangues', 'Decompress Farting Malta Occult Leasing Kimono Uncured Ballad Tallies Qintars Egregious Jacqueline Vendible Justifier Yawling Acceleration Fetch Ratability Joyriding Laded Decks Painkiller Watch Komondors Knight Egger Hazing Reabsorption Ohioan Saggier Unattractive Undelivered Gatefold Acanthus Ejaculum Eloquent Deceivable Unadjusted Neanderthal Handout'),
(28, 'Nestlike', 'Joinable Odyssey Necrophilous Banquet Nevus Oodles Zephyr Languish Satirizing Fertile Gasogenes Imprecision Xerophilous Reared Necrologies Verse Kenos Kinds Barrier Abolish Palets Satisfactorily Pantomimic Oilily Imaginal Mailable Knoll Halide Lathier Gaudiness Telethon Ulster Sadder Kegler Lansing Illuminist Capacitive Marigold Ibidem Passover Mademoiselle Hardback James'),
(29, 'Katabolism Haunt', 'Gauss Kaleidoscopic Paradigm Sativa Verdant Obligato Rating Venules Jeannette Hardpan Marlin Yuppie Improbabilities Yashmac Reascent Earnable Tasty Fiats Parried Inadequacy Unchristened Balks Nimbly Sangfroid Marsupia Vasoconstriction Password Lammed Haled Vestural Martial Canes Addable Waxiness Jabbed Layover Yahweh Ablution Galleries Imbecility Offcast Opalesced Elite Hauled Telemetric Embrocating Fatly Immunizing Ravioli Jacker Maschera Nesting Welled Werewolf Bander'),
(30, 'Declassing', 'Malicious Gamely Jugsful Kitties Fending Quern Haling Necrophobia Garcon Deedy Embassadress Jejune Educe Waxiness Justs Barrister Junkmen Nettling Paten Nameable Sahuaros Rants Veals Unassessed Kickier Sausage Calculably Acidities Lasted Elevator Yogic Vented Academies Zanies Achier Marcel Velocities Balcony Teamed Ophthalmoscopy Daddies Emigrant Uncharted Embed Headlamp Larded Malformed Quark Felicity Kudos Sapiency Barque Packhorse Gainliest Falsifiable Judicatory Lamed Emotion Larvicide Khalif Imitate Imploration Safari Rassling Jungly Panty Aberrance'),
(31, 'Debating', 'Waxbill Fallopian Wanner Fewness Embezzling Obsequies Pantomime Weldable Lavation Wheyish Joinable Dacoit Officiation Zoned Abridging Yolked Unapplied Father Kiddish React Majestic Laparorrhaphy Ranted Talked Accompaniment Welded Nameplate Wearer Zeroing Fanatic Saltworts Wafting Sandbox Keyed Unanimated Bandaging Feyest Camden Maltreat Jellies Malting Harness Inadvertent Maize Harries Carful Nebulous Kingliness Genotypic'),
(32, 'Ratfink', 'Baltimore Adder Reanalyzing Raciness Teakettle Backdrop Zinkify Sayer Haute Cagey Officiary Addle Macks Palpator Educating Acrimonies Raffling Lapidated Varied Velds Ramps Technetium Hadron Valkyrie Parapsychologist Whapped Vichy Tactful Mapping Sandmen Uncherished Leader Yipes Mallei Lariat Dazzle Yarding Knotted Xanthophyll Abecedarian Cambric Radicates Economies Captivity Dallied Leakage Ramming Openmouthed Joggling Hates Scabbing Tartish Impalpability'),
(33, 'Querist Jollities', 'Calvin Quinic Unanticipated Quiescence Acroliths Kathartic Omikron Laryngeal Impeccable Mantis Early Gavage Laicizing Saris Backfield Sanforized Uncoil Elucidating Ideogram Salable Sardonic Decares Oligarch Joins Oddity Teatime Debtless Declivities Santa Westmost Onanism Canker Maschera Jagger Jungliest Leaking Embattle Debtee Paleontology Bacilli Yamen Uncoated Cabob Taphouse Vaccinate Iffiest Omitted Calked Calyx Maidhood Faces Accept Malefic Jacker Featliest Tearer Gainly Talkative Varies Calmed Ecdysial Adjectival Dearie Laudable Sagacity Laundries'),
(34, 'Edging', 'Weeklies Immigrate Mangle Sawyer Talks Gaposis Impound Decked Ferneries Newsworthiness Balustrade Caped Venging Jurymen Rasps Jouncy Labrador Aboriginal Xenocryst Calendar Decasyllable Bandeau Lawmen Passkey Welded Bander Eligible Addling Immunosuppressive Parthenogenic Packs Fared Emancipate Kronur Baldhead Nicotine Zincous Gagger Haphazard Vagrancies December Faxed Tabers Sands Weasel Capillarity Knobbier Bambino Ratification Uncharted Veluring Nicks Canaille Unburied Vices Adapt Bailiwick Earful Vervain Fating Garotte Eaten Neurosensory Mameyes Knottily Juryless Weepiest Jodhpur Satirist Queys Deeming Judicial Manhandling Lacrimatory Sappily Raffish Capitol'),
(35, 'Sassily Deacidifying', 'Vainest Gasser Lanyard Kimono Immutable Palmy Fantasist Babylon Fenugreek Lades Keeling Quinsy Zucchini Debonair Barbecue Decasyllabic Maledict Gerald Maned Paregoric Unadventurous Capacitation Abyss Uncooperative Kinged Hayrick Oarsman Banger Wartiest Dandruff Neodymium Jackboot Quandary Walkway Saids Gastrulas Vetting Hailer Tawing Quadrangle Margarins Teetotum Campus Editor Dearness Venin Nineteen Tartest Callboy Immix Gaseous Edgeways Garnet Cadging Rakes Rastafarian Geriatrist Palpate Factitious Addrest Joshes Venter Bariatrician Decompensate Laryngal'),
(36, 'Nates', 'Landmark Kiester Leeriest Octad Kerfs Satiable Knowable Ecstasies Teaberries Bailing Careworn Gadabout Naugahyde Mandator Rarest Tardiness Operetta Baedeker Sadder Caper Yessing Odoriferous Raunchy Iller Fandango Hafnium Calcining Weakness Icier Harming Welting Ratch Mambo Ichthyoid Abstention Illusive Qiana Geocentric Gastronome Savant Barlow Reassort Fatter Cantharides Sakis Vacillating Kamaaina Lated Latish Ominous Unapproving Iceless Occupancies Ables Lacey Emmies Wedder Unattested Salient Wadies Emerson Adjudicate Vagrancies Talked Tangible Mahomet Dayglow Veriest'),
(37, 'Warmaker', 'Sauls Landlady Maltier Bavarian Jimjams Jatos Raged Lases Talisman Sadness Decease Newsstand Abrogative Calks Cardiometer Vexer Lamping Occult Sausage Cajaput Lawny Marrer Takes Railway Unalarming Fervor Oblation Yttria Kaons Vedantic Vehemency Fenestration Hawkeys Uncrystallized Oneness'),
(38, 'Neonate Pastina', 'Feyer Balefire Warmness Sampling Kinging Acclimatize Haves Saned Mahjong Warlock Raciness Saneness Saxophonist Lasher Variating Reassess Kakas Judas Ballo Acetified Barbital Haunt Paddle Decimal Neology Gallflies Gemmier Jogged Hatting Xerophyte Unbeliever Keeled Imaums Wafer Gaiter Gabon Jaded Largo Imprint Nicked Falling Odalisk Gearcase Wants Vicing Laryngotracheal Calomel Gazing Sawed'),
(39, 'Keened Xylitol', 'Implacentalia Acquiesence We''re Ferriage Lawful Calcimine Observatories Saddling Manipulative Variegate Jammer Technologies Iller Unappeasable Tastiness Quotient Janes Emeer Harmonizing Taxicab Barbless Zesting Dates Raincoat Unaesthetic Fiats Paradisal Magenta Manipulator Sallies Hallucinogen Packaging Sapient Gallon Teaming Barratrous Farrow Opium Nailer Barium Umpteen Lariat Nahuatl Debussy Maladministrative Yawped Gauziness Teamaker Immitigable Yearly Wander Parathyroid Fetter Passible Vegetal Calmant Calibre Wallpaper'),
(40, 'Sassafras Imper', 'Paler Acromegalic Kielbasy Racquet Ooziest Gadded Gearless Taxicab Salvable Basswood Vasodepressor Canzona Kolas Unchallengeable Dakoit Immobile Unburned Nauseous Manikin Darky Lacuna Jasmine Impearl Admissive Quipu Mammey Emptiness Abridging Abilities Fettucini Zircon Undefiled Gamut Gaffs Unburied Pacifism Magnifies Malformed Youse Oafish Halted Lacer Talks Ventage Saber Reaped Geeing Warble Hatrack Whack Tangence Gagman Jaggiest Pasta Veluring Nimble Paces Emplaning Darking December Parachutist Eelgrass Jersey Fanfarons Gains Ogres Hazes Fabric Admiration Jejune Niblick Bashful'),
(41, 'Calking Unconsecrated', 'Leavier Papist Nankeen Rearguing Ideologue Kiosk Vegetative Manta Raptly Readopt Gastrointestinal Patrick Batman Waive Ignorant Youse Jockey Manifold Hartford Uncircumcised Paroxysm Kindliness Vailing Acidulous Immunizing Necking Nanowatt Ullage Idiosyncrasy Calibrating Tarmac Decal Decomposing Lackluster Magnate Weaker Rearguing Kiefs Canary Ramify Balinese Headlong Okras Dashed Mantes Fencing Embodiment Gently Felting Sapphic Icons Kinaesthetic Joggle Nerving Undependable Sangfroid Activity Ombudsman Sawdust Verbs Garibaldi Galleries Bares Taxonomy Tackified Fatter Kultur Queazy Calico Unconfused Kleptomania Kirtle'),
(42, 'Baltic', 'Tameable Zemstvos Razes Caginess Vasectomizing Vegetating Nabob Davies Malarkey Venous Bacteroidal Barefoot Bailiff Teargas Jawing Manos Qophs Yokohama Hashed Babylon Empoisoned Mantle Dance Nehru Palindromic Earmark Illimitable Idylist Nameplate Canty Nextdoor Happy Zaire Either Bathless Onager Ebullient Jobholder Bannister Bares Machina Reassess Cardioid Nectar Cameo Kilogram Unattainable Omission Mansard Kevils Saltcellar Saltation Parole Cafeteria Nervate Onyxes Hairband Tannable Eagle Haply Jehad Saturday Leanly Effort Fellies Jazzy Pancaking Necessary Quadrangular Jowlier Paraffin Vacillating Neater Jimmies'),
(43, 'Magistrate Taconite', 'Calumnies Ophthalmologies Harbour Newsies Waveless Federative Zeitgeist Unalienated Yarmulke Faddism Japan Savvy Halavah Imaginably Zinnia Warmest Saris Lackaday Negligee Waxer Cadis Gemmy Canfield Nescient Kibble Jumpable Decimal Basses Versifies Newsies Accredit Newsworthiness Cadenza Oolite Fatigue Joyridden Facie Bagwig Harem Kings Necrologies Savvied Barbados Quatre Variorum Pacify Batholith Keystone Balking Valedictories Dandified Bandanna Quarantine Rating Bastard Davies Barbarism Unaccountably Reallocation Vending Vesture Manyfold Backfire Weeks Gated Teleologies Kinds Radiative Nabbing Sanitaria Maestro Neuropsychiatric Adorn Ignition Fancy Unconsummated Happiness Racket Academies Warlike'),
(44, 'Geminate Feeder', 'Marted Haircloth Nervy Ratifier Addling Fervor Quadrilateral Academy Unchain Octuply Saucily Unannounced Ohing Failing Hawked Yowing Balkiest Quizzical Rainout Lacier Barbwire Nimbus Deadhead Caecum Largo Garnish Onomatopoeic Feint Onager Eidetic Saith Objicient Unbaked Malthus Landmark Bacon Keyless Bathroom Leaped Warped Ecuador Sanitization Weave Jotty Rebate Tauter Vessel Adorably Dapple'),
(45, 'Vestibular', 'Opossum Zoons Jehus Palate Badness Baize Salient Impact Handhold Gauziness Unadjourned Ganef Observable Valor Neutrophil Manifold Takes Daylily Tanglier Headphone Canned Barometer Undefinable Madras Habilitation Handmade Abbes Taxonomies Lakier Gametic Papier Papyrus Nettier Undamaged'),
(46, 'Quaalude Yowing', 'Magniloquence Hadron Felts Halitoses Manner Gayeties Laissez Fantasie Wearied Vacuity Offshoot Calculative Balded Lascar Gallied Masculinization Acknowledgment Imbed Datsun Navies Gaudiness Maids Taros Parson Echoes Older Venire Harpies Lasagna Quark Joyful Jocund Unconsecrated Leaper Rankness Tamals Kieselguhr Eater Immensity Needling Bates Krait'),
(47, 'Papist', 'Ocurred Unclothe Ladylove Paseo Cacophonies Fezzed Quota Saleable Vicennial Sanctimonious Zurich Oleander Jiminy Kirkman Salient Madrid Tangs Kudos Acetified Maidish Sadden Knobs Wayfaring Whicker Zeros Unasked Parring Halos Magnify Jeroboam Emerald Jeannette Wearies Garrulity Scalar Inadmissable Jackal Teariest Fazing Jollily Bathysphere Paranoia Backlog Reascent Magnifies Dailies Junglier Verifies Patrilinear Larva Telesis Activist Caginess Ecotype Quips Daylily Elizabeth Radix Latrine Martlets Zilch Welcome Bashes Zazen Papyrus Lactating Decking'),
(48, 'Ladies Fazed', 'Wheys Juicier Vibrant Acrostic Versifier Badland Navigator Hairs Machs Galatea Emerge Geeks Taffy Uncounted Effete Nictate Jowls Wading Fends Egocentric Bathtub Uncontaminated Hackling Vacuities Magus Rampart Hallucinatory Neapolitan Paleface Unbox Capsize Palpitation Garage Elimination Decasyllabic Nevada'),
(49, 'Nilled', 'Sauciest Jiujitsu Sayable Landright Quondam Lanes Maize Backwater Caladium Undated Geezer Banish Emasculate Empties Paramilitary Uglis Cappella Papillons Dazed Yoghs Sanding Valkyrs Feminacies Harken Identification Leers Knickknack Whammy Quitclaim Falsified Maraud Feeling Kindling Uncrating Hamstring Haddock Declamatory Obsoleting Madhouse Wheyish Mamas Welfare Larynges Whetting Babyish Idolization Teentsiest Unabsolved Tamping Ragamuffin Majesties Taller Welted Markdown Keypad Reality Tearier Feinschmecker Leadoff Joyride Unappeasable Scald Jurist Obligato Unaided Paltry Ophthalmoscopy Abbacies Aberrance Jamboree Gamete Sands Eminencies Harrumph Abdicable Ramify Ecologic Reassemble Negotiating Gastroscopy'),
(50, 'Uncouth', 'Immigrating Unconstricted Tarpon Marten Unciforms Sailboat Kicker Cains Ideologies Macintosh Hardback Halogen Justiciary Unaspirated Vagrant Warned Wetly Ofter Fairy Teahouse Canister Sabine Idolatries Idiosyncracies Yardmaster Xanthic Rater Pakistan Gentry Teddies Verification Ebbing Improvident Emend Satieties Jumping Ecocide Mannikin Jills Rarefy Imagism Datelining Barrister Sanity Quais Haste Quadruplicate Cajole Aching Jabber Fezzed Warlike Rapscallion Garbs Radix Earplug'),
(51, 'Malconstruction', 'Rebbe Reamed Carabineer Jujuist Basswood Zinkify Panga Falsifier Whapping Weirs Kneepan Napping Abrogating Easily Hairier Adjutant Juniper Genoa Baaing Empiric Rajas Reappropriating Larynges Necessarily Negator Versus Acidity Barfing Abrogate Feedbox Parquet Weekly Unchristened Implosion Activator Olfactory Barbarities Washrag Vendor Uncomplicated Lease Margays Wayne Jaundicing Unbred Unavailing Barehead Adolph Tarbush Impetus Jagged Sapless Uncreating Safeness Lactobacillus Hashed Baddy Neuromuscular Feudatories Kulak Sanitaries Gapes Unadvised Rasing Obviation Tangibility Cachalot Fertilize Vaned Hdqrs Feinschmecker Patristic Marjorie Sassing Machinizing Jingle Haggard Samuel Bahamian'),
(52, 'Obols Undependable', 'Zeals Rassle Empanel Wattest Edward Pairs Mamie Farfels Razes Facility Scabbiest Unconscionably Patroon Hamming Lapidates Debilitating Aching Malapert Oncogenic Lactobacillus Waver Kindest Reaccredit Lankiness Uncomprehending Imping Pastrami Idiosyncratic Faggot Uncouth Laryngitis Zachariah Salutary Hafnium Faster Quays Malapert Quaggier Oiliest Wearable Tannates Savable Uncommon'),
(53, 'Immoderation Salem', 'Dasher Madwoman Embrocation Latin Jaguar Farmer Wearable Sabbat Gentling Yowler Careful Eelier Baller Abating Quark Eiffel Elation Baldachin Debauch Cages Palsied Balmoral Illiberal Elegancies Knobbier Zizzle Wharve Palatine Cadre Officiator Warfare Lawnmower Calcareous'),
(54, 'Yeller Carapace', 'Versified Valiant Cardboard Abbes Josher Gearbox Ratsbane Neutral Tasty Barbets Lares Callboy Jeered Newsstand Fears Edema Obsequies Labile Carcinogen Malconduct Leaguing Empathizing Saturants Janet Bathroom Newfound Jetsam Immiscibility Warpage Salutary Madonna');

CREATE TABLE IF NOT EXISTS `article_categories` (
  `article_id` int(10) unsigned NOT NULL,
  `category_id` int(10) unsigned NOT NULL,
  PRIMARY KEY (`article_id`,`category_id`),
  KEY `article_categories_category_fk` (`category_id`)
) ENGINE=InnoDB DEFAULT CHARSET=utf8;

INSERT INTO `article_categories` (`article_id`, `category_id`) VALUES
(10, 1),
(31, 1),
(3, 2),
(14, 2),
(31, 2),
(44, 2),
(3, 3),
(32, 3),
(38, 3),
(39, 4),
(16, 5),
(19, 5),
(27, 5),
(27, 6),
(32, 6),
(12, 7),
(47, 7),
(14, 8),
(24, 8),
(30, 8),
(20, 9),
(14, 11),
(35, 11),
(35, 12),
(3, 13),
(12, 13),
(28, 13),
(30, 13),
(22, 14),
(34, 14),
(16, 15),
(42, 15),
(31, 16),
(33, 16),
(42, 16),
(20, 18),
(24, 19),
(43, 19),
(19, 20),
(3, 21),
(9, 21),
(33, 21),
(34, 21),
(43, 21),
(48, 21),
(16, 22),
(33, 22),
(42, 22),
(53, 22),
(22, 23),
(30, 24),
(47, 25),
(20, 26),
(44, 26),
(10, 27),
(35, 27),
(19, 28),
(22, 28),
(51, 28),
(22, 29),
(27, 29),
(45, 29),
(2, 30),
(48, 30),
(2, 31),
(34, 31),
(12, 32),
(28, 32),
(33, 32),
(35, 32),
(43, 32),
(19, 33),
(29, 33),
(6, 34),
(49, 34),
(52, 34),
(38, 35),
(2, 36),
(9, 36),
(16, 36),
(23, 36),
(35, 36),
(43, 36),
(44, 36),
(39, 37),
(45, 37),
(20, 38),
(35, 38),
(42, 38),
(28, 39),
(34, 39),
(39, 39),
(44, 39),
(26, 40),
(3, 41),
(20, 41),
(33, 41),
(19, 43),
(31, 43),
(42, 43),
(5, 44),
(33, 44),
(26, 45),
(36, 45),
(50, 45),
(20, 46),
(26, 46),
(31, 46),
(44, 48),
(11, 49),
(30, 49),
(52, 49),
(32, 50),
(5, 51),
(6, 51),
(14, 51),
(2, 52),
(29, 52),
(50, 52),
(2, 53),
(32, 53),
(34, 53),
(44, 53),
(52, 53),
(5, 54),
(30, 54),
(38, 54),
(19, 56),
(22, 56),
(34, 56),
(47, 56),
(14, 57),
(33, 57),
(31, 58),
(38, 58),
(42, 58),
(22, 59),
(27, 59),
(28, 59),
(12, 60),
(14, 60),
(19, 60),
(10, 61),
(25, 61),
(2, 62),
(43, 66),
(45, 68),
(9, 69),
(28, 69),
(44, 69),
(34, 70),
(12, 72),
(33, 72),
(38, 72),
(45, 73),
(12, 74),
(26, 74),
(43, 74),
(27, 75),
(32, 75),
(14, 76),
(18, 76),
(48, 76),
(9, 77),
(12, 77),
(18, 78),
(30, 78),
(47, 78),
(44, 79),
(14, 80),
(32, 80),
(38, 80),
(44, 80),
(3, 81),
(12, 81),
(28, 82),
(35, 82),
(20, 84),
(50, 84),
(16, 85),
(28, 85),
(12, 86),
(16, 87),
(27, 87),
(35, 87),
(49, 87),
(22, 88),
(40, 88),
(9, 89),
(39, 89),
(48, 89),
(7, 90),
(23, 90),
(34, 90),
(42, 90),
(19, 91),
(43, 91),
(46, 91),
(35, 92),
(16, 93),
(24, 93),
(29, 93),
(45, 93),
(10, 94),
(30, 96),
(34, 96),
(36, 96),
(41, 96),
(19, 97),
(22, 97),
(30, 97),
(38, 97),
(45, 97),
(48, 97),
(32, 98);

CREATE TABLE IF NOT EXISTS `categories` (
  `id` int(10) unsigned NOT NULL AUTO_INCREMENT,
  `name` varchar(50) DEFAULT NULL,
  PRIMARY KEY (`id`)
) ENGINE=InnoDB  DEFAULT CHARSET=utf8 AUTO_INCREMENT=99 ;

INSERT INTO `categories` (`id`, `name`) VALUES
(1, 'Imbalance'),
(2, 'Gamey Pastrami'),
(3, 'Acquisition Madhouse'),
(4, 'Acquisition Sandpit'),
(5, 'Jolts'),
(6, 'Acclimatize Vertigo'),
(7, 'Kayos'),
(8, 'Gasping Veneris'),
(9, 'Decile Occluding'),
(10, 'Oilstone'),
(11, 'Markka'),
(12, 'Gemological Feetless'),
(13, 'Dashboard Games'),
(14, 'Leanest Jettied'),
(15, 'Farfels'),
(16, 'Octagon Barometer'),
(17, 'Feuded Banning'),
(18, 'Venetian Zoophiles'),
(19, 'Mains Hapless'),
(20, 'Werewolf'),
(21, 'Races'),
(22, 'Knaps Ebonizing'),
(23, 'Falsity Calculator'),
(24, 'Immunosuppressant'),
(25, 'Immaturities Happy'),
(26, 'Undemonstrative Canaan'),
(27, 'Knotting'),
(28, 'Abutment'),
(29, 'Lastly Fascinate'),
(30, 'Latch Jacket'),
(31, 'Manufacturable Ganev'),
(32, 'Barbarize Calumnies'),
(33, 'Nameable Obloquies'),
(34, 'Satin Balled'),
(35, 'Ofter Dandifies'),
(36, 'Identification Adjunct'),
(37, 'Feebly Headache'),
(38, 'Immediacies'),
(39, 'Negotiating Taximen'),
(40, 'Gaels Tearoom'),
(41, 'Warlock'),
(42, 'Egalite Impalpable'),
(43, 'Reassurance'),
(44, 'Mange'),
(45, 'Papal Image'),
(46, 'Marionette Aches'),
(47, 'Kraal'),
(48, 'Dafter'),
(49, 'Acetic'),
(50, 'Raspiest'),
(51, 'Marjoram Judicial'),
(52, 'Landau Unblessed'),
(53, 'Talkative'),
(54, 'Wardress'),
(55, 'Realer'),
(56, 'Fateful Eggshell'),
(57, 'Eccentric Sanga'),
(58, 'Reaccompanied Rauwolfia'),
(59, 'Teashop'),
(60, 'Editable'),
(61, 'Parapsychologist'),
(62, 'Declinatory'),
(63, 'Umteenth'),
(64, 'Obstacle Impecunious'),
(65, 'Karst'),
(66, 'Emphases Impassive'),
(67, 'Quarried Justs'),
(68, 'Jujitsu Taxidermy'),
(69, 'Wending Illuminist'),
(70, 'Zinged Abets'),
(71, 'Katharine'),
(72, 'Unauthorized Hangtag'),
(73, 'Wayward Ledge'),
(74, 'Reallocating'),
(75, 'Oatcake'),
(76, 'Georgia Eccentric'),
(77, 'Tabbed Carabineer'),
(78, 'Dashes Necromancer'),
(79, 'Wallboard'),
(80, 'Ebbing Velleities'),
(81, 'Dammer'),
(82, 'Danewort Emigre'),
(83, 'Janeiro Backlash'),
(84, 'Eland'),
(85, 'Handbook'),
(86, 'Koruny Jowly'),
(87, 'Weapon'),
(88, 'Sanctifies Gaols'),
(89, 'Latest Cardholder'),
(90, 'Jocund'),
(91, 'Taphouse Dairies'),
(92, 'Quarry Declaration'),
(93, 'Maple'),
(94, 'Improvisation'),
(95, 'Patella'),
(96, 'Empalers Savagism'),
(97, 'Offtrack Gastrectomy'),
(98, 'Bawdies Decertifying');

CREATE TABLE IF NOT EXISTS `categoryships` (
  `source_id` int(10) unsigned NOT NULL,
  `target_id` int(10) unsigned NOT NULL,
  PRIMARY KEY (`source_id`,`target_id`),
  KEY `index_categoryships_source` (`source_id`),
  KEY `index_categoryships_target` (`target_id`)
) ENGINE=InnoDB DEFAULT CHARSET=utf8;

INSERT INTO `categoryships` (`source_id`, `target_id`) VALUES
(1, 29),
(1, 63),
(1, 86),
(1, 88),
(1, 96),
(1, 97),
(2, 1),
(2, 14),
(2, 17),
(2, 36),
(2, 69),
(2, 70),
(2, 71),
(2, 75),
(2, 96),
(3, 1),
(3, 17),
(3, 35),
(3, 36),
(3, 39),
(3, 68),
(4, 9),
(4, 32),
(4, 45),
(4, 56),
(4, 72),
(4, 81),
(4, 86),
(4, 94),
(4, 97),
(5, 53),
(5, 79),
(5, 98),
(7, 14),
(7, 36),
(7, 49),
(7, 54),
(7, 82),
(7, 89),
(7, 90),
(7, 95),
(8, 62),
(8, 89),
(8, 95),
(9, 7),
(9, 41),
(9, 61),
(9, 64),
(9, 69),
(9, 72),
(9, 74),
(10, 29),
(10, 64),
(10, 74),
(10, 79),
(11, 45),
(11, 46),
(11, 56),
(11, 97),
(12, 6),
(12, 20),
(12, 24),
(12, 71),
(12, 72),
(12, 75),
(13, 21),
(13, 28),
(13, 43),
(13, 61),
(14, 39),
(14, 41),
(15, 14),
(15, 24),
(15, 56),
(15, 58),
(15, 89),
(16, 46),
(17, 30),
(17, 40),
(17, 46),
(17, 51),
(18, 25),
(18, 35),
(18, 40),
(18, 56),
(18, 58),
(18, 61),
(19, 88),
(20, 31),
(20, 32),
(20, 35),
(20, 52),
(20, 60),
(20, 80),
(20, 82),
(22, 48),
(22, 57),
(22, 69),
(22, 71),
(23, 21),
(23, 25),
(23, 31),
(23, 43),
(23, 57),
(23, 58),
(23, 64),
(23, 77),
(23, 93),
(24, 50),
(24, 52),
(25, 41),
(25, 71),
(25, 83),
(26, 20),
(26, 88),
(28, 49),
(28, 69),
(28, 92),
(29, 2),
(29, 34),
(29, 58),
(30, 66),
(30, 67),
(30, 79),
(30, 94),
(31, 7),
(31, 18),
(31, 51),
(32, 86),
(33, 7),
(33, 10),
(33, 20),
(33, 62),
(33, 65),
(33, 86),
(33, 88),
(33, 92),
(34, 5),
(34, 13),
(34, 37),
(34, 48),
(34, 60),
(34, 67),
(34, 85),
(34, 91),
(34, 98),
(35, 22),
(35, 70),
(35, 74),
(35, 92),
(36, 31),
(36, 32),
(36, 57),
(36, 80),
(36, 81),
(36, 83),
(37, 11),
(37, 43),
(37, 50),
(37, 54),
(37, 57),
(38, 10),
(38, 16),
(38, 21),
(38, 36),
(38, 55),
(38, 77),
(39, 25),
(39, 26),
(39, 37),
(39, 68),
(39, 70),
(39, 90),
(39, 97),
(39, 98),
(40, 65),
(41, 83),
(41, 96),
(42, 27),
(42, 84),
(42, 86),
(43, 6),
(43, 32),
(43, 37),
(45, 30),
(45, 32),
(46, 39),
(46, 65),
(46, 69),
(46, 75),
(47, 13),
(47, 20),
(47, 31),
(47, 32),
(47, 48),
(47, 85),
(48, 7),
(48, 8),
(48, 55),
(48, 61),
(48, 84),
(48, 86),
(48, 95),
(49, 3),
(49, 5),
(49, 17),
(49, 45),
(49, 54),
(49, 63),
(49, 93),
(50, 32),
(51, 33),
(51, 75),
(51, 90),
(53, 41),
(53, 42),
(53, 45),
(53, 46),
(53, 59),
(53, 62),
(53, 67),
(53, 74),
(53, 90),
(54, 22),
(54, 29),
(54, 48),
(54, 63),
(54, 66),
(54, 93),
(55, 15),
(55, 50),
(55, 57),
(55, 98),
(56, 15),
(56, 43),
(56, 44),
(56, 79),
(56, 81);

CREATE TABLE IF NOT EXISTS `cities` (
  `id` int(10) unsigned NOT NULL AUTO_INCREMENT,
  `name` varchar(50) DEFAULT NULL,
  `state_code` varchar(2) DEFAULT NULL,
  PRIMARY KEY (`id`),
  KEY `index_cities_name` (`name`),
  KEY `index_cities_state` (`state_code`)
) ENGINE=InnoDB  DEFAULT CHARSET=utf8 AUTO_INCREMENT=29739 ;

INSERT INTO `cities` (`id`, `name`, `state_code`) VALUES
(1, 'Aaronsburg', 'CA'),
(2, 'Abbeville', 'SC'),
(3, 'Abbeville', 'IN'),
(4, 'Abbeville', 'CT'),
(5, 'Abbeville', 'MD'),
(6, 'Abbeville', 'ND'),
(7, 'Abbot', 'MA'),
(8, 'Abbotsford', 'WY'),
(9, 'Abbott', 'WA'),
(10, 'Abbottstown', 'SC'),
(11, 'Abbyville', 'CA'),
(1518, 'Barnesville', 'MN'),
(1519, 'Barnesville', 'NC'),
(1520, 'Barnesville', 'AL'),
(1521, 'Barnesville', 'MO'),
(1522, 'Barnet', 'AZ'),
(1523, 'Barnett', 'DE'),
(1524, 'Barneveld', 'NM'),
(1525, 'Barneveld', 'ND'),
(1526, 'Barney', 'GA'),
(1527, 'Barney', 'HI'),
(1528, 'Barnhart', 'AR'),
(1529, 'Barnhart', 'AK'),
(1530, 'Barnhill', 'IA'),
(1531, 'Barnsdall', 'IL'),
(1532, 'Barnstable', 'AR'),
(1533, 'Barnstead', 'OR'),
(1534, 'Barnum', 'MT'),
(1535, 'Barnum', 'CO'),
(1536, 'Barnwell', 'WA'),
(1537, 'Baroda', 'ID'),
(1538, 'Barrackville', 'CA'),
(1539, 'Barranquitas', 'IL'),
(1540, 'Barre', 'AR'),
(1541, 'Barre', 'MO'),
(1542, 'Barren Springs', 'PA'),
(1543, 'Barrett', 'MN'),
(1544, 'Barrington', 'UT'),
(1545, 'Barrington', 'MO'),
(1546, 'Barrington', 'OR'),
(1547, 'Barrington', 'OH'),
(1548, 'Barron', 'NY'),
(1549, 'Barronett', 'TX'),
(1550, 'Barrow', 'MI'),
(1551, 'Barry', 'DE'),
(3813, 'Camarillo', 'UT'),
(3814, 'Camas', 'NC'),
(3815, 'Camas Valley', 'MN'),
(3816, 'Cambra', 'CA'),
(3817, 'Cambria', 'MI'),
(3818, 'Cambria', 'NH'),
(3819, 'Cambria', 'WI'),
(3820, 'Cambria Heights', 'NC'),
(3821, 'Cambridge', 'VA'),
(3822, 'Cambridge', 'OK'),
(3823, 'Cambridge', 'KS'),
(3824, 'Cambridge', 'WI'),
(3825, 'Cambridge', 'IA'),
(3826, 'Cambridge', 'OK'),
(3827, 'Cambridge', 'OR'),
(3828, 'Cambridge', 'SC'),
(3829, 'Cambridge', 'CT'),
(3830, 'Cambridge', 'DE'),
(3831, 'Cambridge', 'NC'),
(3832, 'Cambridge', 'MO'),
(3833, 'Cambridge', 'NJ'),
(3834, 'Cambridge City', 'SC'),
(3835, 'Cambridge Springs', 'KS'),
(3836, 'Cambridgeport', 'UT'),
(3837, 'Camby', 'OR'),
(3838, 'Camden', 'SC'),
(3839, 'Camden', 'ID'),
(3840, 'Camden', 'NE'),
(6648, 'De Mossville', 'MN'),
(6649, 'De Pere', 'WA'),
(6650, 'De Peyster', 'IA'),
(6651, 'De Queen', 'OH'),
(6652, 'De Ruyter', 'FL'),
(6653, 'De Smet', 'NE'),
(6654, 'De Soto', 'NE'),
(6655, 'De Soto', 'HI'),
(6656, 'De Soto', 'ND'),
(6657, 'De Soto', 'WA'),
(6658, 'De Soto', 'MD'),
(6659, 'De Soto', 'NV'),
(6660, 'De Tour Village', 'MI'),
(6661, 'De Valls Bluff', 'NJ'),
(6662, 'De Witt', 'OK'),
(6663, 'De Witt', 'NM'),
(6664, 'De Witt', 'NM'),
(6665, 'De Witt', 'OH'),
(6666, 'De Young', 'HI'),
(6667, 'Deadwood', 'WY'),
(6668, 'Deadwood', 'NM'),
(6669, 'Deal', 'IL'),
(6670, 'Deal Island', 'MA'),
(6671, 'Deale', 'AL'),
(6672, 'Deane', 'HI'),
(6673, 'Deansboro', 'FL'),
(6674, 'Deanville', 'NE'),
(6675, 'Dearborn', 'TN'),
(6676, 'Dearborn', 'OH'),
(6677, 'Dearborn Heights', 'WY'),
(6678, 'Dearing', 'WA'),
(6679, 'Dearing', 'SD'),
(6680, 'Deary', 'OK'),
(6681, 'Death Valley', 'TX'),
(6682, 'Deatsville', 'ME'),
(6683, 'Deaver', 'WA'),
(7730, 'East Troy', 'OR'),
(7731, 'East Vandergrift', 'IN'),
(7732, 'East Vassalboro', 'CA'),
(7733, 'East Wakefield', 'WA'),
(7734, 'East Wallingford', 'IN'),
(7735, 'East Walpole', 'MA'),
(7736, 'East Wareham', 'OK'),
(7737, 'East Waterboro', 'DC'),
(7738, 'East Waterford', 'GA'),
(7739, 'East Wenatchee', 'VA'),
(7740, 'East Weymouth', 'ND'),
(7741, 'East Williamson', 'SC'),
(7742, 'East Wilton', 'MN'),
(7743, 'East Windsor', 'NM'),
(7744, 'East Windsor Hill', 'NM'),
(7745, 'East Winthrop', 'KS'),
(7746, 'East Woodstock', 'ND'),
(7747, 'East Worcester', 'IL'),
(7748, 'Eastaboga', 'MI'),
(7749, 'Eastabuchie', 'TX'),
(7750, 'Eastanollee', 'WV'),
(7751, 'Eastchester', 'SC'),
(7752, 'Eastern', 'NJ'),
(7753, 'Eastford', 'NC'),
(7754, 'Eastham', 'RI'),
(7755, 'Easthampton', 'AZ'),
(7756, 'Eastlake', 'NJ'),
(7757, 'Eastlake', 'WY'),
(7758, 'Eastlake', 'WA'),
(7759, 'Eastlake Weir', 'CT'),
(7760, 'Eastland', 'DC'),
(7761, 'Eastman', 'ME'),
(7762, 'Eastman', 'CT'),
(7763, 'Easton', 'ND'),
(7764, 'Easton', 'HI'),
(7765, 'Easton', 'NV'),
(7766, 'Easton', 'CT'),
(7767, 'Easton', 'SC'),
(7768, 'Easton', 'CT'),
(7769, 'Easton', 'VT'),
(7770, 'Easton', 'IA'),
(7830, 'Eddyville', 'ME'),
(7831, 'Eddyville', 'AZ'),
(7832, 'Edelstein', 'NY'),
(8677, 'Fairfield', 'AK'),
(8678, 'Fairfield', 'IN'),
(8679, 'Fairfield', 'VA'),
(8680, 'Fairfield', 'OK'),
(8681, 'Fairfield', 'IN'),
(8682, 'Fairfield', 'KS'),
(8683, 'Fairfield', 'TX'),
(8684, 'Fairfield', 'WY'),
(8685, 'Fairfield', 'CA'),
(8686, 'Fairfield', 'NC'),
(8687, 'Fairfield', 'NV'),
(8688, 'Fairfield', 'DC'),
(8689, 'Fairfield Bay', 'AL'),
(8690, 'Fairforest', 'MN'),
(8691, 'Fairgrove', 'LA'),
(8692, 'Fairhaven', 'MS'),
(8693, 'Fairhope', 'ND'),
(8694, 'Fairhope', 'UT'),
(8695, 'Fairland', 'MT'),
(8696, 'Fairland', 'CA'),
(8697, 'Fairlawn', 'LA'),
(8698, 'Fairlea', 'CT'),
(8699, 'Fairlee', 'WA'),
(8700, 'Fairless Hills', 'MA'),
(8701, 'Fairmont', 'ID'),
(8702, 'Fairmont', 'RI'),
(8703, 'Fairmont', 'OK'),
(8704, 'Fairmont', 'OH'),
(8705, 'Fairmont', 'MD'),
(8706, 'Fairmount', 'MA'),
(8707, 'Fairmount', 'DC'),
(8708, 'Fairmount', 'KS'),
(8709, 'Fairmount', 'KS'),
(8710, 'Fairmount City', 'WY'),
(8711, 'Fairplay', 'MO'),
(8712, 'Fairplay', 'WA'),
(8713, 'Fairpoint', 'WV'),
(8714, 'Fairport', 'AR'),
(8715, 'Fairport', 'IL'),
(8716, 'Fairton', 'AR'),
(10041, 'Georgiana', 'WY'),
(10042, 'Gepp', 'DE'),
(10043, 'Gerald', 'MS'),
(10044, 'Geraldine', 'KS'),
(10045, 'Geraldine', 'WY'),
(10046, 'Gerber', 'AR'),
(10047, 'Gering', 'NY'),
(10048, 'Gerlach', 'SC'),
(10049, 'Gerlaw', 'WA'),
(10050, 'German Valley', 'IN'),
(10051, 'Germansville', 'MI'),
(10052, 'Germanton', 'TX'),
(10053, 'Germantown', 'AK'),
(10054, 'Germantown', 'KS'),
(10055, 'Germantown', 'DC'),
(10056, 'Germantown', 'WI'),
(10057, 'Germantown', 'FL'),
(10058, 'Germantown', 'IN'),
(10059, 'Germantown', 'IL'),
(10060, 'Germfask', 'TX'),
(10061, 'Geronimo', 'NY'),
(10062, 'Geronimo', 'FL'),
(10063, 'Gerrardstown', 'NV'),
(10064, 'Gerry', 'WY'),
(10065, 'Gerton', 'AK'),
(10066, 'Gervais', 'AZ'),
(10067, 'Gettysburg', 'AZ'),
(10068, 'Gettysburg', 'RI'),
(10069, 'Gettysburg', 'WI'),
(10070, 'Getzville', 'IA'),
(10071, 'Geuda Springs', 'RI'),
(10072, 'Geyser', 'ID'),
(10073, 'Geyserville', 'KY'),
(10074, 'Gheens', 'ID'),
(10075, 'Ghent', 'NY'),
(10076, 'Ghent', 'NH'),
(10077, 'Ghent', 'TX'),
(10078, 'Ghent', 'KS'),
(10079, 'Gibbon', 'AK'),
(10080, 'Gibbon', 'MO'),
(10081, 'Gibbon Glade', 'TX'),
(10082, 'Gibbonsville', 'NC'),
(10083, 'Gibbs', 'SD'),
(10084, 'Gibbsboro', 'TX'),
(10085, 'Gibbstown', 'CO'),
(10086, 'Gibsland', 'PA'),
(10087, 'Gibson', 'NH'),
(10088, 'Gibson', 'TN'),
(10089, 'Gibson', 'DC'),
(10090, 'Gibson', 'NV'),
(11263, 'Hamlin', 'NV'),
(11264, 'Hamlin', 'UT'),
(11265, 'Hammett', 'ND'),
(11266, 'Hammon', 'TX'),
(11267, 'Hammond', 'IL'),
(11268, 'Hammond', 'CO'),
(11269, 'Hammond', 'DE'),
(11270, 'Hammond', 'ME'),
(11271, 'Hammond', 'SD'),
(11272, 'Hammond', 'WI'),
(11273, 'Hammond', 'WI'),
(11274, 'Hammondsport', 'UT'),
(11275, 'Hammondsville', 'DE'),
(11276, 'Hammonton', 'CA'),
(11277, 'Hampden', 'MN'),
(11278, 'Hampden', 'NC'),
(11279, 'Hampden', 'KY'),
(11280, 'Hampden Sydney', 'KS'),
(11281, 'Hampshire', 'OH'),
(11282, 'Hampshire', 'MI'),
(11283, 'Hampstead', 'PA'),
(11284, 'Hampstead', 'NE'),
(11285, 'Hampstead', 'OH'),
(11286, 'Hampton', 'NY'),
(11287, 'Hampton', 'MI'),
(11288, 'Hampton', 'CO'),
(11289, 'Hampton', 'FL'),
(11290, 'Hampton', 'AR'),
(11291, 'Hampton', 'KY'),
(11292, 'Hampton', 'KS'),
(11293, 'Hampton', 'ID'),
(11294, 'Hampton', 'TN'),
(11295, 'Hampton', 'TX'),
(11296, 'Hampton', 'MN'),
(11297, 'Hampton', 'NH'),
(11298, 'Hampton', 'NJ'),
(11299, 'Hampton', 'NJ'),
(12795, 'Idleyld Park', 'SC'),
(12796, 'Idyllwild', 'NC'),
(12797, 'Ignacio', 'HI'),
(12798, 'Igo', 'WV'),
(12799, 'Ihlen', 'KY'),
(12800, 'Ijamsville', 'LA'),
(12801, 'Ikes Fork', 'PA'),
(12802, 'Ila', 'AK'),
(12803, 'Ilfeld', 'TN'),
(12804, 'Iliamna', 'UT'),
(12805, 'Iliff', 'UT'),
(12806, 'Ilion', 'AK'),
(12807, 'Illinois City', 'MT'),
(12808, 'Illiopolis', 'PA'),
(12809, 'Ilwaco', 'IA'),
(12810, 'Imbler', 'SC'),
(12811, 'Imboden', 'NM'),
(12812, 'Imlay', 'SD'),
(12813, 'Imlay City', 'ID'),
(12814, 'Imlaystown', 'SD'),
(12815, 'Imler', 'WA'),
(12816, 'Immaculata', 'NM'),
(12817, 'Immokalee', 'MA'),
(12818, 'Imnaha', 'SD'),
(12819, 'Imogene', 'WV'),
(12820, 'Imperial', 'PA'),
(12821, 'Imperial', 'ID'),
(12822, 'Imperial', 'FL'),
(12823, 'Imperial', 'KY'),
(12824, 'Imperial', 'MD'),
(12825, 'Imperial Beach', 'NE'),
(12826, 'Ina', 'IN'),
(13149, 'Jamestown', 'WY'),
(13150, 'Jamesville', 'ID'),
(13151, 'Jamesville', 'CO'),
(13152, 'Jamesville', 'MD'),
(13153, 'Jamieson', 'AR'),
(13154, 'Jamison', 'NM'),
(13155, 'Jamul', 'AL'),
(13156, 'Jane Lew', 'HI'),
(13157, 'Janesville', 'ID'),
(13158, 'Janesville', 'DC'),
(13159, 'Janesville', 'TX'),
(13160, 'Janesville', 'AZ'),
(13161, 'Janesville', 'KY'),
(13494, 'Kantner', 'NE'),
(13495, 'Kapaa', 'RI'),
(13496, 'Kapaau', 'DC'),
(13497, 'Kaplan', 'WY'),
(13498, 'Kapolei', 'FL'),
(13499, 'Kapowsin', 'GA'),
(13500, 'Karbers Ridge', 'AR'),
(13501, 'Karlsruhe', 'IN'),
(13502, 'Karlstad', 'KS'),
(13503, 'Karluk', 'ND'),
(13504, 'Karnack', 'NE'),
(13505, 'Karnak', 'OH'),
(13506, 'Karnes City', 'CA'),
(13507, 'Karns City', 'AL'),
(13508, 'Karthaus', 'OH'),
(13509, 'Karval', 'IL'),
(13510, 'Kasbeer', 'ID'),
(13511, 'Kasigluk', 'CA'),
(13512, 'Kasilof', 'CO'),
(13513, 'Kasota', 'KY'),
(13514, 'Kasson', 'WY'),
(13515, 'Kathleen', 'NY'),
(13516, 'Kathleen', 'HI'),
(13560, 'Keene', 'IL'),
(13561, 'Keene', 'IL'),
(13562, 'Keene', 'PA'),
(13563, 'Keene', 'NH'),
(14545, 'Lares', 'SD'),
(14546, 'Largo', 'CO'),
(14547, 'Larimer', 'MS'),
(14548, 'Larimore', 'WI'),
(14549, 'Larkspur', 'AZ'),
(14550, 'Larkspur', 'CO'),
(14551, 'Larned', 'WV'),
(14552, 'Larose', 'AZ'),
(14553, 'Larrabee', 'AL'),
(14554, 'Larsen', 'NH'),
(14555, 'Larsen Bay', 'MN'),
(14556, 'Larslan', 'IA'),
(14617, 'Lavaca', 'LA'),
(14618, 'Lavalette', 'ME'),
(14619, 'Lavallette', 'TX'),
(14620, 'Laveen', 'NV'),
(14621, 'Lavelle', 'MA'),
(14622, 'Laverne', 'MO'),
(14623, 'Lavina', 'WV'),
(14624, 'Lavinia', 'NC'),
(14625, 'Lavon', 'DC'),
(14626, 'Lavonia', 'DC'),
(14627, 'Lawai', 'IL'),
(14628, 'Lawler', 'OR'),
(14629, 'Lawley', 'IN'),
(14630, 'Lawn', 'KY'),
(14631, 'Lawn', 'MT'),
(16003, 'Mamou', 'NE'),
(16004, 'Man', 'SC'),
(16005, 'Manahawkin', 'DC'),
(16006, 'Manakin Sabot', 'NH'),
(16007, 'Manasquan', 'DC'),
(16008, 'Manassa', 'LA'),
(16009, 'Manassas', 'UT'),
(16010, 'Manassas', 'NV'),
(16011, 'Manati', 'NH'),
(16031, 'Manchester', 'OK'),
(16032, 'Manchester', 'WY'),
(16033, 'Manchester', 'ID'),
(16034, 'Manchester Center', 'WA'),
(16035, 'Manchester Township', 'AL'),
(16036, 'Mancos', 'RI'),
(16037, 'Mandan', 'CO'),
(16038, 'Mandaree', 'IA'),
(16039, 'Manderson', 'FL'),
(16040, 'Manderson', 'ME'),
(16041, 'Mandeville', 'CA'),
(16042, 'Mangham', 'UT'),
(16043, 'Mango', 'CA'),
(16044, 'Mangum', 'AZ'),
(16045, 'Manhasset', 'MI'),
(16046, 'Manhattan', 'AL'),
(16047, 'Manhattan', 'AZ'),
(16048, 'Manhattan', 'LA'),
(16049, 'Manhattan', 'CT'),
(16050, 'Manhattan Beach', 'ND'),
(18901, 'Newdale', 'MN'),
(18955, 'Newport', 'SD'),
(18956, 'Newport Beach', 'HI'),
(18957, 'Newport Center', 'HI'),
(18958, 'Newport Coast', 'TX'),
(18959, 'Newport News', 'AZ'),
(18960, 'Newry', 'UT'),
(18961, 'Newry', 'GA'),
(18962, 'Newry', 'TX'),
(18963, 'Newsoms', 'MD'),
(18964, 'Newton', 'OK'),
(18965, 'Newton', 'NH'),
(18966, 'Newton', 'TN'),
(18967, 'Newton', 'LA'),
(18968, 'Newton', 'DE'),
(18969, 'Newton', 'OK'),
(18970, 'Newton', 'HI'),
(18971, 'Newton', 'KS'),
(18972, 'Newton', 'MO'),
(18973, 'Newton', 'AZ'),
(18974, 'Newton', 'KS'),
(18975, 'Newton', 'NM'),
(18976, 'Newton', 'MS'),
(18977, 'Newton', 'AL'),
(18978, 'Newton Center', 'PA'),
(20100, 'Ottumwa', 'MS'),
(20101, 'Otway', 'ID'),
(20102, 'Otwell', 'KS'),
(20103, 'Ouaquaga', 'NJ'),
(20104, 'Ouray', 'HI'),
(20105, 'Outing', 'DC'),
(20106, 'Outlook', 'MD'),
(20107, 'Outlook', 'VA'),
(20108, 'Ouzinkie', 'NE'),
(20109, 'Ovalo', 'AR'),
(20110, 'Ovando', 'AK'),
(20111, 'Overbrook', 'OH'),
(20112, 'Overbrook', 'KS'),
(20113, 'Overgaard', 'WY'),
(20114, 'Overland Park', 'AL'),
(20115, 'Overpeck', 'MI'),
(20116, 'Overton', 'KS'),
(20117, 'Overton', 'MT'),
(20118, 'Overton', 'SD'),
(20119, 'Ovett', 'OR'),
(20120, 'Ovid', 'NH'),
(20121, 'Ovid', 'NC'),
(20122, 'Ovid', 'WI'),
(20123, 'Oviedo', 'AL'),
(20124, 'Owaneco', 'ID'),
(20125, 'Owanka', 'VA'),
(20126, 'Owasso', 'SC'),
(20163, 'Oxford', 'PA'),
(20164, 'Oxford', 'NY'),
(20165, 'Oxford', 'DE'),
(20166, 'Oxford', 'DC'),
(20167, 'Oxford', 'WY'),
(20168, 'Oxford Junction', 'AR'),
(20169, 'Oxly', 'IA'),
(20170, 'Oxnard', 'NH'),
(20171, 'Oxon Hill', 'GA'),
(20172, 'Oyens', 'MN'),
(20173, 'Oyster', 'WY'),
(20174, 'Oyster Bay', 'WY'),
(20175, 'Oysterville', 'MD'),
(20188, 'Pace', 'OK'),
(20189, 'Pachuta', 'MN'),
(20190, 'Pacific', 'AZ'),
(20191, 'Pacific', 'WA'),
(20192, 'Pacific Beach', 'WA'),
(20193, 'Pacific City', 'AK'),
(20194, 'Pacific Grove', 'IN'),
(20195, 'Pacific Junction', 'WV'),
(20196, 'Pacific Palisades', 'SD'),
(20197, 'Pacifica', 'KS'),
(20198, 'Packwaukee', 'AK'),
(20199, 'Packwood', 'MD'),
(20200, 'Packwood', 'OH'),
(20201, 'Pacoima', 'MT'),
(20202, 'Pacolet', 'MO'),
(20203, 'Pacolet Mills', 'RI'),
(20204, 'Paden', 'HI'),
(20205, 'Paden City', 'AK'),
(20206, 'Padroni', 'HI'),
(20207, 'Paducah', 'DC'),
(20208, 'Paducah', 'MD'),
(20217, 'Paguate', 'FL'),
(20218, 'Pahala', 'AZ'),
(20219, 'Pahoa', 'SC'),
(20220, 'Pahokee', 'ME'),
(20221, 'Pahrump', 'AZ'),
(20222, 'Paia', 'WI'),
(20223, 'Paicines', 'VT'),
(20224, 'Paige', 'MS'),
(20225, 'Paincourtville', 'KY'),
(20226, 'Painesdale', 'NM'),
(20227, 'Painesville', 'WI'),
(20228, 'Paint Bank', 'NE'),
(20229, 'Paint Lick', 'AL'),
(20230, 'Paint Rock', 'KS'),
(20231, 'Paint Rock', 'KY'),
(20232, 'Painted Post', 'HI'),
(22222, 'Redfield', 'NM'),
(22223, 'Redfield', 'OH'),
(22224, 'Redfield', 'AL'),
(22225, 'Redfield', 'FL'),
(22254, 'Redwood Falls', 'NJ'),
(22255, 'Redwood Valley', 'PA'),
(22256, 'Ree Heights', 'HI'),
(22257, 'Reed', 'ME'),
(22258, 'Reed City', 'NH'),
(22259, 'Reed Point', 'UT'),
(22260, 'Reeder', 'TN'),
(22261, 'Reeders', 'UT'),
(22262, 'Reedley', 'IN'),
(23481, 'Saint Paul', 'PA'),
(23482, 'Saint Paul', 'NV'),
(23483, 'Saint Paul', 'MO'),
(23498, 'Saint Regis', 'IA'),
(23499, 'Saint Regis Falls', 'PA'),
(23500, 'Saint Robert', 'AR'),
(23501, 'Saint Rose', 'WA'),
(23502, 'Saint Simons Island', 'NJ'),
(23503, 'Saint Stephen', 'UT'),
(23504, 'Saint Stephen', 'OK'),
(23505, 'Saint Stephens', 'TX'),
(23506, 'Saint Stephens', 'MD'),
(23507, 'Saint Stephens Church', 'MA'),
(23508, 'Saint Thomas', 'DE'),
(23509, 'Saint Thomas', 'KY'),
(23510, 'Saint Thomas', 'IN'),
(23511, 'Saint Vincent', 'LA'),
(23512, 'Saint Vrain', 'GA'),
(23513, 'Saint Xavier', 'HI'),
(23514, 'Sainte Genevieve', 'OH'),
(23515, 'Sainte Marie', 'NM'),
(23516, 'Salado', 'MO'),
(23517, 'Salado', 'NE'),
(23518, 'Salamanca', 'MI'),
(23519, 'Salamonia', 'AR'),
(26213, 'Tchula', 'CT'),
(26214, 'Tea', 'OH'),
(26215, 'Teaberry', 'DC'),
(26216, 'Teachey', 'WA'),
(26313, 'Tetonia', 'NM'),
(26314, 'Teutopolis', 'SD'),
(26315, 'Tewksbury', 'NY'),
(26316, 'Texarkana', 'MS'),
(26317, 'Texarkana', 'KS'),
(26318, 'Texas City', 'OR'),
(26319, 'Texhoma', 'UT'),
(26320, 'Texico', 'NC'),
(26321, 'Texico', 'IL'),
(26322, 'Texline', 'MT'),
(26323, 'Texola', 'MS'),
(26324, 'Thackerville', 'AR'),
(26325, 'Thatcher', 'AL'),
(26326, 'Thatcher', 'FL'),
(26327, 'Thawville', 'AL'),
(26328, 'Thaxton', 'HI'),
(26329, 'Thaxton', 'MS'),
(26330, 'Thayer', 'NJ'),
(26331, 'Thayer', 'MS'),
(26332, 'Thayer', 'WA'),
(26333, 'Thayer', 'HI'),
(26334, 'Thayer', 'NM'),
(26335, 'Thayne', 'GA'),
(26336, 'The Colony', 'WV'),
(26337, 'The Dalles', 'UT'),
(26338, 'The Lakes', 'FL'),
(26339, 'The Plains', 'OR'),
(27091, 'Uniondale', 'NC'),
(27092, 'Uniontown', 'MN'),
(27098, 'Uniontown', 'CA'),
(27099, 'Uniontown', 'KY'),
(27111, 'Unionville Center', 'SC'),
(27112, 'Uniopolis', 'SD'),
(27113, 'United', 'SD'),
(27114, 'Unity', 'DE'),
(27115, 'Unity', 'IN'),
(27116, 'Unity', 'OH'),
(27117, 'Unity', 'MO'),
(27118, 'Unity House', 'NE'),
(27119, 'Unityville', 'RI'),
(27120, 'Universal', 'WI'),
(27121, 'Universal City', 'AL'),
(27122, 'Universal City', 'IN'),
(27123, 'University', 'MS'),
(27124, 'University Center', 'WI'),
(27125, 'University Of Richmond', 'NV'),
(27126, 'University Park', 'CT'),
(27127, 'University Park', 'KY'),
(27128, 'University Place', 'NJ'),
(27129, 'Upatoi', 'AR'),
(27130, 'Upham', 'RI'),
(27131, 'Upland', 'ME'),
(27132, 'Upland', 'KY'),
(27232, 'Valley Falls', 'MA'),
(27233, 'Valley Falls', 'MO'),
(27251, 'Valley Village', 'NV'),
(27252, 'Valleyford', 'WY'),
(27253, 'Valliant', 'VT'),
(27254, 'Vallonia', 'SC'),
(27255, 'Valmeyer', 'AR'),
(27256, 'Valmora', 'CT'),
(27257, 'Valmy', 'NC'),
(27258, 'Valparaiso', 'IN'),
(27259, 'Valparaiso', 'AR'),
(27260, 'Valparaiso', 'IA'),
(27261, 'Valrico', 'CT'),
(27262, 'Valyermo', 'FL'),
(27263, 'Van', 'CA'),
(27264, 'Van', 'DE'),
(27265, 'Van Alstyne', 'NH'),
(27266, 'Van Buren', 'GA'),
(27267, 'Van Buren', 'CA'),
(27268, 'Van Buren', 'MD'),
(27269, 'Van Buren', 'WA'),
(27270, 'Van Buren', 'DC'),
(27271, 'Van Buren Point', 'HI'),
(27280, 'Van Orin', 'MS'),
(27281, 'Van Tassell', 'NJ'),
(27282, 'Van Vleck', 'NH'),
(27283, 'Van Vleet', 'ID'),
(27284, 'Van Voorhis', 'AL'),
(27285, 'Van Wert', 'VA'),
(27286, 'Van Wert', 'TX'),
(27287, 'Van Wyck', 'VA'),
(27288, 'Vance', 'KS'),
(27289, 'Vance', 'NV'),
(27290, 'Vance', 'NY'),
(27291, 'Vanceboro', 'LA'),
(27292, 'Vanceboro', 'KS'),
(27293, 'Vanceburg', 'TX'),
(27294, 'Vancleave', 'OH'),
(27636, 'Wahkon', 'IL'),
(27637, 'Wahoo', 'TN'),
(27638, 'Wahpeton', 'RI'),
(27639, 'Waialua', 'MI'),
(27640, 'Waianae', 'SC'),
(27641, 'Waikoloa', 'VT'),
(27642, 'Wailuku', 'NC'),
(27643, 'Waimanalo', 'NV'),
(27644, 'Waimea', 'SC'),
(27645, 'Wainscott', 'MT'),
(27646, 'Wainwright', 'DC'),
(27647, 'Wainwright', 'MN'),
(27668, 'Wakefield', 'NE'),
(27669, 'Wakeman', 'CT'),
(27670, 'Wakita', 'HI'),
(27671, 'Wakonda', 'NC'),
(27672, 'Wakpala', 'MD'),
(27673, 'Walbridge', 'NV'),
(27674, 'Walburg', 'IL'),
(27675, 'Walcott', 'NE'),
(27676, 'Walcott', 'WI'),
(27677, 'Walcott', 'TN'),
(27678, 'Walcott', 'GA'),
(27679, 'Walden', 'OK'),
(27680, 'Walden', 'IL'),
(27681, 'Waldenburg', 'NV'),
(27682, 'Waldo', 'WY'),
(27683, 'Waldo', 'FL'),
(27684, 'Waldo', 'CA'),
(27685, 'Waldo', 'SC'),
(27698, 'Wales', 'ND'),
(27699, 'Wales', 'WY'),
(27700, 'Wales', 'KS'),
(27701, 'Wales', 'RI'),
(27702, 'Wales', 'WV'),
(27703, 'Wales Center', 'AR'),
(29608, 'Yellowtail', 'WY'),
(29609, 'Yellville', 'CA'),
(29610, 'Yelm', 'ME'),
(29611, 'Yemassee', 'MA'),
(29612, 'Yeoman', 'VA'),
(29613, 'Yerington', 'AK'),
(29614, 'Yerkes', 'WI'),
(29615, 'Yermo', 'KY'),
(29616, 'Yeso', 'MO'),
(29617, 'Yettem', 'OH'),
(29618, 'Yoakum', 'NY'),
(29619, 'Yoder', 'WY'),
(29620, 'Yoder', 'AK'),
(29621, 'Yoder', 'AK'),
(29622, 'Yoder', 'RI'),
(29623, 'Yolo', 'MT'),
(29624, 'Yolyn', 'ND'),
(29625, 'Yoncalla', 'KY'),
(29626, 'Yonkers', 'AR'),
(29627, 'Yorba Linda', 'IA'),
(29628, 'York', 'ME'),
(29629, 'York', 'ND'),
(29630, 'York', 'ID'),
(29631, 'York', 'SC'),
(29632, 'York', 'DE'),
(29633, 'York', 'NV'),
(29634, 'York', 'CO'),
(29654, 'Yosemite', 'AL'),
(29656, 'Young', 'WY'),
(29657, 'Young America', 'AR'),
(29658, 'Young America', 'ID'),
(29659, 'Young Harris', 'ME'),
(29660, 'Youngstown', 'PA'),
(29661, 'Youngstown', 'GA'),
(29662, 'Youngstown', 'CO'),
(29663, 'Youngstown', 'WV'),
(29664, 'Youngsville', 'MN'),
(29665, 'Youngsville', 'PA'),
(29666, 'Youngsville', 'WY'),
(29667, 'Youngsville', 'AL'),
(29668, 'Youngsville', 'NC'),
(29704, 'Zebulon', 'MI'),
(29705, 'Zebulon', 'VA'),
(29706, 'Zeeland', 'SD'),
(29707, 'Zeeland', 'VT'),
(29708, 'Zeigler', 'HI'),
(29709, 'Zelienople', 'RI'),
(29710, 'Zellwood', 'IL'),
(29711, 'Zenda', 'KY'),
(29712, 'Zenda', 'VA'),
(29713, 'Zenia', 'MI'),
(29714, 'Zephyr', 'NV'),
(29715, 'Zephyr Cove', 'CA'),
(29716, 'Zephyrhills', 'ID'),
(29717, 'Zieglerville', 'KS'),
(29718, 'Zillah', 'CO'),
(29719, 'Zimmerman', 'NC'),
(29720, 'Zion', 'MT'),
(29721, 'Zion Grove', 'SD'),
(29722, 'Zionhill', 'AL'),
(29723, 'Zionsville', 'OR'),
(29724, 'Zionsville', 'KY'),
(29725, 'Zionville', 'PA'),
(29726, 'Zirconia', 'MA'),
(29727, 'Zoar', 'ID'),
(29728, 'Zoe', 'MA'),
(29729, 'Zolfo Springs', 'WV'),
(29730, 'Zortman', 'MI'),
(29731, 'Zullinger', 'NY'),
(29732, 'Zumbro Falls', 'IN'),
(29733, 'Zumbrota', 'IA'),
(29734, 'Zuni', 'MO'),
(29735, 'Zuni', 'FL'),
(29736, 'Zurich', 'NC'),
(29737, 'Zwingle', 'NE'),
(29738, 'Zwolle', 'DE');

CREATE TABLE IF NOT EXISTS `people` (
  `id` int(10) unsigned NOT NULL AUTO_INCREMENT,
  `name` varchar(50) DEFAULT NULL,
  PRIMARY KEY (`id`)
) ENGINE=InnoDB  DEFAULT CHARSET=utf8 AUTO_INCREMENT=91 ;

INSERT INTO `people` (`id`, `name`) VALUES
(1, 'Zincing'),
(2, 'Obits Quando'),
(3, 'Hagridden'),
(4, 'Unassimilated Heading'),
(5, 'Paradisal Quonset'),
(6, 'Samaritan'),
(7, 'Mameys'),
(8, 'Maisonette'),
(9, 'Kills Embank'),
(10, 'Fanning'),
(11, 'Gabfest Readily'),
(12, 'Kayak'),
(13, 'Acclimation Maladjustive'),
(14, 'Opacifies'),
(15, 'Wheyish Callets'),
(16, 'Jennies Caribes'),
(17, 'Warty'),
(18, 'Katharine'),
(19, 'Raking Facile'),
(20, 'Kerosene Jollities'),
(21, 'Laundry'),
(22, 'Parlay'),
(23, 'Ablatival'),
(24, 'Bared Baser'),
(25, 'Adjudicator'),
(26, 'Gammon Manometry'),
(27, 'Rarest'),
(28, 'Jacqueline Editable'),
(29, 'Handful Oftest'),
(30, 'Reallocating'),
(31, 'Patting Zinging'),
(32, 'Barque Capabilities'),
(33, 'Leftward'),
(34, 'Salutation'),
(35, 'Backdate Jerked'),
(36, 'Carious Vagrom'),
(37, 'Garth'),
(38, 'Wagon'),
(39, 'Paddling'),
(40, 'Jazzer Declivity'),
(41, 'Oilmen'),
(42, 'Sancta Acetify'),
(43, 'Quips'),
(44, 'Wainwright'),
(45, 'Tabour Balmy'),
(46, 'Neology'),
(47, 'Uncage Teakwood'),
(48, 'Varmint Undefinable'),
(49, 'Zeroes'),
(50, 'Adenose Salvo'),
(51, 'Acacia Sanctuary'),
(52, 'Pallet'),
(53, 'Vibrating Feasibility'),
(54, 'Ketch'),
(55, 'Zooparasitic Banking'),
(56, 'Fawnier'),
(57, 'Gemologies Pappies'),
(58, 'Lasing'),
(59, 'Harrow'),
(60, 'Sadism'),
(61, 'Jemmied Newest'),
(62, 'Baseborn'),
(63, 'Canoe Tabstop'),
(64, 'Gerardias'),
(65, 'Scalable'),
(66, 'Weals Maharani'),
(67, 'Jacaranda Ideomotor'),
(68, 'Unbreakable Knobbier'),
(69, 'Immolate Pachisi'),
(70, 'Vibrate Inalienability'),
(71, 'Rabbet Uncounted'),
(72, 'Kidded Bardic'),
(73, 'Kilobar Generic'),
(74, 'Kaons'),
(75, 'Laddie'),
(76, 'Jeannette'),
(77, 'Impoverish Nailed'),
(78, 'Jollification Abetting'),
(79, 'Emphasizing Parsable'),
(80, 'Calcareous Idiosyncratic'),
(81, 'Ferule'),
(82, 'Geminating Lancinate'),
(83, 'Papain Aardwolf'),
(84, 'Satisfiable'),
(85, 'Gabardine Marblier'),
(86, 'Weber Panted'),
(87, 'Parks Talks'),
(88, 'Hawkweed'),
(89, 'Bauxite Qualitative'),
(90, 'Accoutres Barre');

CREATE TABLE IF NOT EXISTS `photos` (
  `name` varchar(50) DEFAULT NULL,
  `id` int(10) unsigned NOT NULL AUTO_INCREMENT,
  `gamma` varchar(50) DEFAULT NULL,
  PRIMARY KEY (`id`)
) ENGINE=InnoDB  DEFAULT CHARSET=utf8 AUTO_INCREMENT=65 ;

INSERT INTO `photos` (`name`, `id`, `gamma`) VALUES
('Hassling Actor', 1, 'Green,Blue'),
('Lagniappe', 2, 'Red,Green'),
('Bathroom Paleozoic', 3, 'Green'),
('Reassess', 4, 'Red'),
('Eliminator', 5, 'Green'),
('Embrace Welded', 6, 'Blue'),
('Patricidal', 7, 'Red'),
('Rales', 8, 'Green'),
('Debone Capability', 9, 'Green'),
('Fatiguing Tearer', 10, 'Blue'),
('Saltwater', 11, 'Green'),
('Lazying Sandal', 12, 'Red'),
('Caladium Inadmissibly', 13, 'Green'),
('Tagboard Caracol', 14, 'Blue'),
('Ganymede Decasyllable', 15, 'Green'),
('Calla Feminity', 16, 'Red'),
('Implant', 17, 'Green'),
('Acquiring', 18, 'Red'),
('Abuts Venom', 19, 'Red'),
('Adenose', 20, 'Green'),
('Acetified Imprecate', 21, 'Green'),
('Onomatopoetic Farther', 22, 'Green'),
('Neuropsychiatric', 23, 'Red'),
('Acculturate', 24, 'Red'),
('Umiak', 25, 'Red'),
('Salinometer Weest', 26, 'Blue'),
('Males', 27, 'Blue'),
('Gangrening', 28, 'Blue'),
('Yarrow Ragout', 29, 'Red'),
('Jerusalem', 30, 'Green'),
('Nettable Kilted', 31, 'Blue'),
('Gainlier', 32, 'Green'),
('Ranting Palmitate', 33, 'Red'),
('Darky Calmly', 34, 'Red'),
('Oleomargarine Debunk', 35, 'Red'),
('Lapps Bacteriocidal', 36, 'Green'),
('Decriminalizing', 37, 'Blue'),
('Decertified Jurist', 38, 'Blue'),
('Cappy Reanalyzing', 39, 'Blue'),
('Reawaking', 40, 'Blue'),
('Unction', 41, 'Blue'),
('Joltily', 42, 'Red'),
('Opiating', 43, 'Blue'),
('Calmant Weakest', 44, 'Red'),
('Ferns Landright', 45, 'Red'),
('Abatis', 46, 'Blue'),
('Icemen Eclampsia', 47, 'Red'),
('Paradisiacal', 48, 'Red'),
('Oligarch', 49, 'Red'),
('Ganja Badly', 50, 'Green'),
('Impossibility', 51, 'Green'),
('Reargue Wankel', 52, 'Green'),
('Geranium Fessing', 53, 'Green'),
('Lamps', 54, 'Green'),
('Basemen', 55, 'Green'),
('Sanding', 56, 'Green'),
('Lascar Damnit', 57, 'Green'),
('Zests', 58, 'Green'),
('Papyri', 59, 'Blue'),
('Malleably Barkless', 60, 'Blue'),
('Jazzes Waviness', 61, 'Blue'),
('Keepable', 62, 'Blue'),
('Yawing', 63, 'Green'),
('Barbwire', 64, 'Green');

CREATE TABLE IF NOT EXISTS `profiles` (
  `id` int(10) unsigned NOT NULL AUTO_INCREMENT,
  `name` varchar(50) DEFAULT NULL,
  `person_id` int(10) unsigned DEFAULT NULL,
  PRIMARY KEY (`id`),
  KEY `index_profiles_person` (`person_id`)
) ENGINE=InnoDB  DEFAULT CHARSET=utf8 AUTO_INCREMENT=52 ;

INSERT INTO `profiles` (`id`, `name`, `person_id`) VALUES
(1, 'Reals', 2),
(2, 'Cackle', 80),
(3, 'Madhouse Caisson', NULL),
(4, 'Dashier Needily', 13),
(5, 'Parrakeet', NULL),
(6, 'Gainlier Opossum', 87),
(7, 'Xanthous Venose', 85),
(8, 'Cannot Vendor', 26),
(9, 'Imbue Ladyfinger', 20),
(10, 'Patio Wetting', NULL),
(11, 'Effete Laving', 79),
(12, 'Feature', NULL),
(13, 'Baggie Ecocide', NULL),
(14, 'Gages', 49),
(15, 'Tatting', 69),
(16, 'Verdant', NULL),
(17, 'Venular Racemose', 57),
(18, 'Junkie Marbling', NULL),
(19, 'Lazed Ocarina', 72),
(20, 'Tartufe', 38),
(21, 'Waspily Manure', 90),
(22, 'Sawfly', 82),
(23, 'Taipei Abrupt', 77),
(24, 'Gemmier', 43),
(25, 'Deeded Mailwomen', 76),
(26, 'Tarweed Calendula', 88),
(27, 'Queaziest', 75),
(28, 'Canopy Caner', 66),
(29, 'Labour Maraca', NULL),
(30, 'Kaiak', 24),
(31, 'Never Quadruplicating', 34),
(32, 'Eleemosynary Haberdasher', 39),
(33, 'Racquet Pagination', 73),
(34, 'Gasify Unaccustomed', 15),
(35, 'Hadst Paten', 23),
(36, 'Parkland Quiche', 89),
(37, 'Nicker', 52),
(38, 'Knickers', 74),
(39, 'Capos Judiciaries', 48),
(40, 'Hadron Sapped', 25),
(41, 'Xerophyte Viceless', 83),
(42, 'Quench', 47),
(43, 'Waybill', 64),
(44, 'Gawked', 54),
(45, 'Palmate', 81),
(46, 'Gaudery Ubiquities', 16),
(47, 'Jambed', 78),
(48, 'Maraud', 5),
(49, 'Ragman Gatepost', 17),
(50, 'Quaalude', 62),
(51, 'Quatorze Unbridle', 14);

CREATE TABLE IF NOT EXISTS `states` (
  `id` int(10) unsigned NOT NULL AUTO_INCREMENT,
  `name` varchar(50) DEFAULT NULL,
  `code` varchar(2) DEFAULT NULL,
  PRIMARY KEY (`id`),
  UNIQUE KEY `unique_states_code` (`code`),
  KEY `index_states_name` (`name`)
) ENGINE=InnoDB  DEFAULT CHARSET=utf8 AUTO_INCREMENT=52 ;

INSERT INTO `states` (`id`, `name`, `code`) VALUES
(1, 'Alaska', 'AK'),
(2, 'Alabama', 'AL'),
(3, 'Arkansas', 'AR'),
(4, 'Arizona', 'AZ'),
(5, 'California', 'CA'),
(6, 'Colorado', 'CO'),
(7, 'Connecticut', 'CT'),
(8, 'District of Columbia', 'DC'),
(9, 'Delaware', 'DE'),
(10, 'Florida', 'FL'),
(11, 'Georgia', 'GA'),
(12, 'Hawaii', 'HI'),
(13, 'Iowa', 'IA'),
(14, 'Idaho', 'ID'),
(15, 'Illinois', 'IL'),
(16, 'Indiana', 'IN'),
(17, 'Kansas', 'KS'),
(18, 'Kentucky', 'KY'),
(19, 'Louisiana', 'LA'),
(20, 'Massachusetts', 'MA'),
(21, 'Maryland', 'MD'),
(22, 'Maine', 'ME'),
(23, 'Michigan', 'MI'),
(24, 'Minnesota', 'MN'),
(25, 'Missouri', 'MO'),
(26, 'Mississippi', 'MS'),
(27, 'Montana', 'MT'),
(28, 'North Carolina', 'NC'),
(29, 'North Dakota', 'ND'),
(30, 'Nebraska', 'NE'),
(31, 'New Hampshire', 'NH'),
(32, 'New Jersey', 'NJ'),
(33, 'New Mexico', 'NM'),
(34, 'Nevada', 'NV'),
(35, 'New York', 'NY'),
(36, 'Ohio', 'OH'),
(37, 'Oklahoma', 'OK'),
(38, 'Oregon', 'OR'),
(39, 'Pennsylvania', 'PA'),
(40, 'Rhode Island', 'RI'),
(41, 'South Carolina', 'SC'),
(42, 'South Dakota', 'SD'),
(43, 'Tennessee', 'TN'),
(44, 'Texas', 'TX'),
(45, 'Utah', 'UT'),
(46, 'Virginia', 'VA'),
(47, 'Vermont', 'VT'),
(48, 'Washington', 'WA'),
(49, 'Wisconsin', 'WI'),
(50, 'West Virginia', 'WV'),
(51, 'Wyoming', 'WY');

CREATE TABLE IF NOT EXISTS `suppliers` (
  `id` int(10) unsigned NOT NULL AUTO_INCREMENT,
  `name` varchar(50) DEFAULT NULL,
  PRIMARY KEY (`id`)
) ENGINE=InnoDB  DEFAULT CHARSET=utf8 AUTO_INCREMENT=77 ;

INSERT INTO `suppliers` (`id`, `name`) VALUES
(1, 'Ravel'),
(2, 'Embassador Rammed'),
(3, 'Tamed Onerosities'),
(4, 'Laces Ferocious'),
(5, 'Manque'),
(6, 'Gabbing Facet'),
(7, 'Vermin Barroom'),
(8, 'Decemvir Lanthorns'),
(9, 'Unbelievable'),
(10, 'Walls'),
(11, 'Quandaries Tawny'),
(12, 'Lavalier Fanner'),
(13, 'Adolescent'),
(14, 'Laurel Immensities'),
(15, 'Hawkbill'),
(16, 'Halfway Earldom'),
(17, 'Josher'),
(18, 'Admit'),
(19, 'Cannel'),
(20, 'Vengeance Nehru'),
(21, 'Tailwind Adhesion'),
(22, 'Hashing'),
(23, 'Eclipsing Fenestrae'),
(24, 'Karmic Abbacies'),
(25, 'Earwig'),
(26, 'Ictus'),
(27, 'Nameplate'),
(28, 'Dawns'),
(29, 'Paroxysm'),
(30, 'Rattier'),
(31, 'Gabon'),
(32, 'Napalm'),
(33, 'Mandragora Calculably'),
(34, 'Opals'),
(35, 'Immunotherapies'),
(36, 'Hardhead Elusory'),
(37, 'Palmer'),
(38, 'Fadeaway'),
(39, 'Teazel Jurist'),
(40, 'Tartufe Kreuzers'),
(41, 'Calker Teazling'),
(42, 'Geoscientist Jiber'),
(43, 'Gaiting Unclaimed'),
(44, 'Sacrum Eluviating'),
(45, 'Teentsier Waves'),
(46, 'Gazer Salinity'),
(47, 'Barkeep'),
(48, 'Hasps Larks'),
(49, 'Unburden'),
(50, 'Lakes'),
(51, 'Gawker Papoose'),
(52, 'Pacts'),
(53, 'Oneself Calyces'),
(54, 'Baking Uncannily'),
(55, 'Reapplication Uncurious'),
(56, 'Adiposis Kneeing'),
(57, 'Vacuum'),
(58, 'Baptist'),
(59, 'Ziggurat'),
(60, 'Adduct Jolts'),
(61, 'Baalism'),
(62, 'Dactyl Ideal'),
(63, 'Leftward Candescent'),
(64, 'Marled Gatsby'),
(65, 'Ragmen'),
(66, 'Damnabilities'),
(67, 'Xylem'),
(68, 'Eglantine Calvities'),
(69, 'Oocyte'),
(70, 'Dandifies Jumpoff'),
(71, 'Tagboard'),
(72, 'Embed Gassiness'),
(73, 'Neigh'),
(74, 'Packing'),
(75, 'Obeyable Later'),
(76, 'Febrile');

CREATE TABLE IF NOT EXISTS `taggings` (
  `tag_id` int(10) unsigned NOT NULL,
  `photo_id` int(10) unsigned NOT NULL,
  PRIMARY KEY (`tag_id`,`photo_id`),
  KEY `index_taggings_tag` (`tag_id`),
  KEY `index_taggings_photo` (`photo_id`)
) ENGINE=InnoDB DEFAULT CHARSET=utf8;

INSERT INTO `taggings` (`tag_id`, `photo_id`) VALUES
(1, 1),
(1, 24),
(1, 28),
(1, 49),
(1, 55),
(2, 1),
(2, 4),
(2, 15),
(2, 18),
(2, 32),
(2, 33),
(2, 51),
(2, 53),
(2, 55),
(2, 59),
(2, 63),
(2, 64),
(3, 20),
(3, 21),
(3, 34),
(3, 36),
(3, 45),
(3, 47),
(3, 52),
(3, 55),
(4, 2),
(4, 3),
(4, 11),
(4, 24),
(4, 26),
(4, 32),
(5, 20),
(5, 48),
(6, 8),
(6, 20),
(6, 35),
(6, 47),
(6, 50),
(7, 53),
(7, 55),
(7, 62),
(8, 5),
(8, 53),
(9, 7),
(9, 9),
(9, 10),
(9, 26),
(9, 31),
(9, 38),
(9, 49),
(9, 54),
(9, 59),
(9, 64),
(10, 21),
(10, 23),
(10, 53),
(11, 2),
(11, 5),
(11, 12),
(11, 28),
(11, 34),
(11, 39),
(11, 58),
(11, 62),
(12, 7),
(12, 31),
(12, 32),
(12, 40),
(12, 41),
(12, 53),
(12, 64),
(13, 4),
(13, 22),
(13, 41),
(13, 63),
(14, 22),
(14, 26),
(14, 31),
(14, 32),
(14, 45),
(14, 51),
(14, 52),
(15, 10),
(15, 26),
(15, 33),
(15, 43),
(15, 48),
(15, 52),
(16, 27),
(16, 51),
(16, 58),
(17, 12),
(17, 13),
(17, 14),
(17, 43),
(17, 48),
(17, 56),
(18, 3),
(18, 6),
(18, 28),
(18, 38),
(18, 41),
(18, 54),
(18, 63),
(19, 4),
(19, 8),
(19, 23),
(19, 43),
(19, 53),
(19, 59),
(20, 15),
(20, 17),
(20, 21),
(20, 34),
(20, 39),
(20, 53),
(20, 64),
(21, 23),
(21, 31),
(21, 50),
(22, 12),
(22, 15),
(22, 22),
(22, 52),
(23, 4),
(23, 7),
(23, 38),
(23, 46),
(23, 47),
(23, 52),
(23, 54),
(23, 59),
(24, 2),
(24, 11),
(24, 12),
(24, 26),
(24, 52),
(25, 13),
(25, 63),
(26, 14),
(26, 23),
(26, 24),
(26, 28),
(26, 29),
(26, 47),
(26, 51),
(26, 64),
(27, 5),
(27, 19),
(27, 35),
(27, 41),
(27, 43),
(27, 53),
(28, 10),
(28, 12),
(28, 15),
(28, 16),
(28, 31),
(28, 55),
(29, 26),
(29, 52),
(29, 62),
(30, 13),
(30, 39),
(31, 19),
(31, 22),
(31, 34),
(31, 43),
(31, 47),
(32, 31),
(32, 48),
(32, 50),
(32, 52),
(32, 62),
(32, 63),
(33, 8),
(33, 11),
(33, 22),
(33, 24),
(33, 34),
(33, 43),
(33, 58),
(34, 18),
(34, 55),
(35, 6),
(35, 11),
(35, 14),
(35, 20),
(35, 33),
(35, 35),
(35, 51),
(35, 60),
(35, 63),
(36, 12),
(36, 16),
(36, 19),
(36, 24),
(36, 26),
(36, 33),
(36, 58),
(36, 60),
(37, 11),
(37, 13),
(37, 22),
(37, 43),
(37, 47),
(37, 51),
(38, 18),
(38, 22),
(38, 64),
(39, 15),
(39, 16),
(39, 32),
(39, 49),
(39, 64),
(40, 6),
(40, 24),
(40, 52),
(40, 59),
(41, 12),
(41, 35),
(41, 47),
(41, 54),
(41, 55),
(42, 22),
(42, 43),
(43, 5),
(43, 11),
(43, 12),
(43, 15),
(43, 37),
(43, 48),
(43, 51),
(44, 13),
(44, 16),
(45, 17),
(46, 4),
(46, 5),
(46, 8),
(46, 63),
(47, 21),
(47, 43),
(47, 49),
(48, 23),
(48, 46),
(48, 63),
(49, 23),
(49, 26),
(50, 13),
(50, 16),
(50, 28),
(50, 31),
(51, 26),
(51, 32),
(51, 33),
(52, 4),
(52, 11),
(52, 14),
(52, 23),
(52, 35),
(53, 8),
(53, 31),
(53, 32),
(54, 39),
(54, 48),
(54, 59),
(55, 15),
(55, 16),
(55, 32),
(55, 40),
(55, 51),
(56, 5),
(56, 20),
(56, 23),
(56, 32),
(56, 34),
(56, 35),
(56, 47),
(56, 55);

CREATE TABLE IF NOT EXISTS `tags` (
  `name` varchar(50) DEFAULT NULL,
  `id` int(10) unsigned NOT NULL AUTO_INCREMENT,
  PRIMARY KEY (`id`)
) ENGINE=InnoDB  DEFAULT CHARSET=utf8 AUTO_INCREMENT=57 ;

INSERT INTO `tags` (`name`, `id`) VALUES
('Ocher Batrachian', 1),
('Acceding Obtuse', 2),
('Debris', 3),
('Immaculate Calyx', 4),
('Raceway Queys', 5),
('Rainfall Capping', 6),
('Illimitable', 7),
('Nephron', 8),
('Oinking', 9),
('Joseph Unaimed', 10),
('Inaccessibility', 11),
('Gently Occupies', 12),
('Quakily', 13),
('Quizzical Newsier', 14),
('Webbing Hallo', 15),
('Capmaker Paraffin', 16),
('Newsy', 17),
('Pareve Abacus', 18),
('Featliest', 19),
('Abide Ophthalmometry', 20),
('Emmet Elision', 21),
('Justification', 22),
('Zymurgy', 23),
('Abusive', 24),
('Umbilici Landau', 25),
('Backdate Occult', 26),
('Unbraiding', 27),
('Feline', 28),
('Danseur', 29),
('Tearful Leaking', 30),
('Races', 31),
('Tames Nazis', 32),
('Sassier', 33),
('Jumped Macula', 34),
('Caraway Lamia', 35),
('Reallotting Variably', 36),
('Namely', 37),
('Basely', 38),
('Dandle Unaesthetic', 39),
('January Unacclaimate', 40),
('Jimminy', 41),
('Laces Katrina', 42),
('Deafest', 43),
('Teletypist', 44),
('Korsakoff', 45),
('Headphone Eluding', 46),
('Washwoman Imprecating', 47),
('Uncancelled Lawbreaker', 48),
('Newsy Ledge', 49),
('Mailwomen Haling', 50),
('Bakshish', 51),
('Latter', 52),
('Dandily', 53),
('Fever Uncluttered', 54),
('Parkway', 55),
('Veery', 56);

CREATE TABLE IF NOT EXISTS `tasks` (
  `id` int(10) unsigned NOT NULL AUTO_INCREMENT,
  `name` varchar(50) DEFAULT NULL,
  `priority` varchar(50) DEFAULT NULL,
  `worker_id` int(10) unsigned DEFAULT NULL,
  PRIMARY KEY (`id`),
  KEY `index_tasks_worker` (`worker_id`)
) ENGINE=InnoDB  DEFAULT CHARSET=utf8 AUTO_INCREMENT=80 ;

INSERT INTO `tasks` (`id`, `name`, `priority`, `worker_id`) VALUES
(1, 'Quick Quadrille', 'Low', 2),
(2, 'Halberd', 'Medium', 44),
(3, 'Oncograph Tabasco', 'Low', 3),
(4, 'Cambrian Ranting', 'Low', 3),
(5, 'Camembert Bassi', 'Medium', 56),
(6, 'Salsa', 'Medium', 40),
(7, 'Vesiculate', 'Medium', 5),
(8, 'Elysium Lapsus', 'Low', 62),
(9, 'Eidola', 'Low', 48),
(10, 'Ecocide Ochre', 'Low', 39),
(11, 'Mandrel', 'High', 2),
(12, 'Nereid', 'Medium', 19),
(13, 'Eclipse Deafen', 'High', 22),
(14, 'Reassimilate Harmonize', 'High', 2),
(15, 'Pansies', 'High', 60),
(16, 'Farcing', 'Medium', 36),
(17, 'Jonathan Palpator', 'Low', 6),
(18, 'Zetas Parallax', 'Low', 35),
(19, 'Daybreak Landlocked', 'High', 55),
(20, 'Verily Laura', 'Medium', 26),
(21, 'Oatcake', 'High', 55),
(22, 'Kakemono Palatal', 'Medium', 72),
(23, 'Malty', 'Low', 64),
(24, 'Decry Identifer', 'Medium', 1),
(25, 'Feasant Kites', 'Low', 37),
(26, 'Journey Verbosity', 'Medium', 71),
(27, 'Nasty', 'Low', 52),
(28, 'Lasso Kafir', 'Medium', 34),
(29, 'Juiciness Raptest', 'Medium', 66),
(30, 'Edgiest Nilled', 'Low', 25),
(31, 'Parapsychologist', 'Low', 48),
(32, 'Jiggliest Edentates', 'High', 5),
(33, 'Leader', 'High', 75),
(34, 'Laked', 'High', 19),
(35, 'Joshes', 'High', 9),
(36, 'Impanel', 'Medium', 52),
(37, 'Deadlier', 'Low', 78),
(38, 'Jabot', 'Low', 5),
(39, 'Capon Xenia', 'High', 35),
(40, 'Manioc', 'High', 37),
(41, 'Uncouple', 'High', 75),
(42, 'Nimbi', 'Low', 43),
(43, 'Safer Qindars', 'High', 43),
(44, 'Immovable', 'High', 66),
(45, 'Opacifies', 'Low', 30),
(46, 'Inabilities', 'Medium', 41),
(47, 'Nannie', 'Low', 3),
(48, 'Jailbird', 'Medium', 30),
(49, 'Kilorad Yoking', 'Medium', 57),
(50, 'Sanes', 'High', 30),
(51, 'Lazar Layer', 'Medium', 77),
(52, 'Taking', 'Low', 2),
(53, 'Batboy Parodist', 'High', 52),
(54, 'Mannish Scabbier', 'High', 14),
(55, 'Vainglory', 'Low', 29),
(56, 'Yules Vibrancies', 'Low', 76),
(57, 'Fedora', 'Low', 17),
(58, 'Tautogs', 'High', 53),
(59, 'Pastier', 'Low', 67),
(60, 'Vatting Haver', 'High', 15),
(61, 'Ratability Cadging', 'Low', 1),
(62, 'Kevils', 'Medium', 39),
(63, 'Palpating', 'High', 25),
(64, 'Nicer Sassing', 'Low', 29),
(65, 'Acclivitous Wellness', 'Low', 29),
(66, 'Emphatic', 'Low', 1),
(67, 'Obedient', 'High', 46),
(68, 'Vainer Sagittal', 'Medium', 27),
(69, 'Quipu Needing', 'Medium', 58),
(70, 'Onset Adhesive', 'High', 8),
(71, 'Dative', 'Medium', 4),
(72, 'Imitation', 'High', 78),
(73, 'Reallocate', 'Medium', 36),
(74, 'Hassling', 'Medium', 63),
(75, 'Yarely Barfly', 'Medium', 56),
(76, 'Neatness', 'High', 2),
(77, 'Emcee Adjudication', 'Medium', 81),
(78, 'Wavelength Iambi', 'Medium', 44),
(79, 'Vagrance', 'Medium', 57);

CREATE TABLE IF NOT EXISTS `workers` (
  `id` int(10) unsigned NOT NULL AUTO_INCREMENT,
  `name` varchar(50) DEFAULT NULL,
  `active` tinyint(1) DEFAULT NULL,
  PRIMARY KEY (`id`)
) ENGINE=InnoDB  DEFAULT CHARSET=utf8 AUTO_INCREMENT=83 ;

INSERT INTO `workers` (`id`, `name`, `active`) VALUES
(1, 'Caesium', 0),
(2, 'Gates Qualm', 1),
(3, 'Unassuming Margin', 0),
(4, 'Salably', 1),
(5, 'Raked Kiosk', 0),
(6, 'Waiting', 0),
(7, 'Illness Lacewing', 1),
(8, 'Wages Backdate', 0),
(9, 'Layabout', 1),
(10, 'Raffle', 0),
(11, 'Vasopressor Candescence', 1),
(12, 'Mantle Veracious', 1),
(13, 'Achene Sadism', 1),
(14, 'Unaged Jaguar', 0),
(15, 'Emolument', 1),
(16, 'Iambs Adjacent', 0),
(17, 'Knower Earlock', 1),
(18, 'Warpage', 0),
(19, 'Waviness Fasting', 1),
(20, 'Cadency Ophthalmologic', 0),
(21, 'Quahaug Octal', 1),
(22, 'Abjuring', 1),
(23, 'Imaginably Wests', 1),
(24, 'Knobbier', 1),
(25, 'Quern Harbour', 0),
(26, 'Rabble', 0),
(27, 'Whammed Capitulating', 0),
(28, 'Salutarily Saves', 0),
(29, 'Gambias Jinrikisha', 0),
(30, 'Gangland Malaprop', 0),
(31, 'Debonair', 1),
(32, 'Neurophysiologic Joint', 0),
(33, 'Handling Unamplified', 0),
(34, 'Galoot Readmission', 1),
(35, 'Knoll', 1),
(36, 'Abator', 0),
(37, 'Sawfly', 0),
(38, 'Karakul', 1),
(39, 'Headmaster Taxable', 0),
(40, 'Unclouding Tastiest', 0),
(41, 'Necrotize', 0),
(42, 'Kilts', 1),
(43, 'Reaccept', 1),
(44, 'Wells Unbailable', 1),
(45, 'Cambist Sargasso', 0),
(46, 'Dancing Ventage', 0),
(47, 'Edited Nexus', 0),
(48, 'Pasha Caoutchouc', 1),
(49, 'Kingly', 0),
(50, 'Gantries', 0),
(51, 'Illegibly', 0),
(52, 'Gaited Radius', 1),
(53, 'Elegies', 0),
(54, 'Hating Varicosity', 0),
(55, 'Sailable Masher', 1),
(56, 'Acetified Falsity', 1),
(57, 'Jerusalem', 0),
(58, 'Nelson Sacrilegious', 1),
(59, 'Unacceptance Farms', 1),
(60, 'Lasing', 0),
(61, 'Hammy Accurst', 1),
(62, 'Across', 0),
(63, 'Mannikin', 0),
(64, 'Parch Banded', 1),
(65, 'Eclampsia Officiant', 1),
(66, 'Absolvable Acetifies', 0),
(67, 'Declamation', 0),
(68, 'Neuropsychiatric Hasting', 0),
(69, 'Venus Hatting', 1),
(70, 'Capful', 1),
(71, 'Ablings Zunis', 1),
(72, 'Technetium Taunt', 1),
(73, 'Quito Salubrious', 1),
(74, 'Quatrain Calmant', 1),
(75, 'Ontogenies', 1),
(76, 'Deadlier', 1),
(77, 'Viators', 1),
(78, 'Patristic Navvies', 0),
(79, 'Pates', 1),
(80, 'Reapply', 0),
(81, 'Decapitator', 0),
(82, 'Oodles Unawaked', 1);


ALTER TABLE `accounts`
  ADD CONSTRAINT `accounts_supplier_fk` FOREIGN KEY (`supplier_id`) REFERENCES `suppliers` (`id`) ON DELETE NO ACTION ON UPDATE NO ACTION;

ALTER TABLE `account_histories`
  ADD CONSTRAINT `account_histories_account_fk` FOREIGN KEY (`account_id`) REFERENCES `accounts` (`id`) ON DELETE NO ACTION ON UPDATE NO ACTION;

ALTER TABLE `article_categories`
  ADD CONSTRAINT `article_categories_article_fk` FOREIGN KEY (`article_id`) REFERENCES `articles` (`id`) ON DELETE NO ACTION ON UPDATE NO ACTION,
  ADD CONSTRAINT `article_categories_category_fk` FOREIGN KEY (`category_id`) REFERENCES `categories` (`id`) ON DELETE NO ACTION ON UPDATE NO ACTION;

ALTER TABLE `categoryships`
  ADD CONSTRAINT `categoryships_source_fk` FOREIGN KEY (`source_id`) REFERENCES `categories` (`id`) ON DELETE NO ACTION ON UPDATE NO ACTION,
  ADD CONSTRAINT `categoryships_target_fk` FOREIGN KEY (`target_id`) REFERENCES `categories` (`id`) ON DELETE NO ACTION ON UPDATE NO ACTION;

ALTER TABLE `cities`
  ADD CONSTRAINT `cities_state_fk` FOREIGN KEY (`state_code`) REFERENCES `states` (`code`) ON DELETE NO ACTION ON UPDATE NO ACTION;

ALTER TABLE `profiles`
  ADD CONSTRAINT `profiles_person_fk` FOREIGN KEY (`person_id`) REFERENCES `people` (`id`) ON DELETE NO ACTION ON UPDATE NO ACTION;

ALTER TABLE `taggings`
  ADD CONSTRAINT `taggings_photo_fk` FOREIGN KEY (`photo_id`) REFERENCES `photos` (`id`) ON DELETE NO ACTION ON UPDATE NO ACTION,
  ADD CONSTRAINT `taggings_tag_fk` FOREIGN KEY (`tag_id`) REFERENCES `tags` (`id`) ON DELETE NO ACTION ON UPDATE NO ACTION;

ALTER TABLE `tasks`
  ADD CONSTRAINT `tasks_worker_fk` FOREIGN KEY (`worker_id`) REFERENCES `workers` (`id`) ON DELETE NO ACTION ON UPDATE NO ACTION;

/*!40101 SET CHARACTER_SET_CLIENT=@OLD_CHARACTER_SET_CLIENT */;
/*!40101 SET CHARACTER_SET_RESULTS=@OLD_CHARACTER_SET_RESULTS */;
/*!40101 SET COLLATION_CONNECTION=@OLD_COLLATION_CONNECTION */;
